id,domain,status,purchase_price,renewal_price,attractiveness,demand,length,registrar,created_at,expires_at,status_verified_at
3c5c5129-d931-4d37-963c-afaf7e9f97dc,itinerary.build,available,25.2,25.2,high,low,9,cloudflare,,,01/10/2026 20:07
e5ca85c9-04d3-492e-828b-d652dfaee5fa,throated.build,available,32.98,39.98,medium,low,8,namecheap,,,11/09/2026 14:39
de21856c-57fe-42f2-aaac-b5199fd27118,clinically.build,available,26.26,26.26,medium,low,10,porkbun,,,28/09/2026 13:58
23a985fd-86f3-4947-8547-20ddfabed1f9,navigational.build,available,26,26,medium,low,12,spaceship,,,01/10/2026 06:02
6e616176-6b86-4177-a7db-38775b7ec9df,lustfully.build,available,32.98,39.98,medium,low,9,namecheap,,,15/09/2026 13:12
b5132f54-f9f4-45e7-b373-21849e6f8c86,sniffy.build,available,32.98,39.98,medium,low,6,namecheap,,,21/08/2026 01:27
0a15f1ba-5737-4723-ba48-410a8bf59aa9,airflow.build,available,32.98,39.98,high,low,7,namecheap,,,17/09/2026 22:13
beab37e2-1145-46e0-8748-7d2a20b9070c,ssa.build,premium,164.27,164.27,high,low,3,porkbun,,,29/09/2026 08:03
8a03b4fc-09c2-49a4-b169-5a7e96f6fdcd,aneuploid.build,available,32.98,39.98,medium,low,9,namecheap,,,
c27b4783-5130-4199-a724-02d9036303bc,descendants.build,available,26,26,high,low,11,spaceship,,,30/09/2026 22:55
80f1dd38-4a3c-4386-a5aa-285231996222,fuzzed.build,available,32.98,39.98,medium,low,6,namecheap,,,18/08/2026 19:20
8f1cf419-c1c2-4b99-84b6-618e573dd4e7,analyzed.build,available,32.98,39.98,high,low,8,namecheap,,,
13337d77-be02-4ae4-90d2-e96f253d9eb6,garrulous.build,available,32.98,39.98,medium,low,9,namecheap,,,12/08/2026 03:20
1fe60218-87c2-4486-9073-bb562b633367,recruits.build,premium,,,medium,low,8,,,,29/09/2026 17:46
5044baf7-f2da-435d-a70e-a45d2d0d25bc,households.build,available,26.26,26.26,medium,low,10,porkbun,,,02/10/2026 03:00
0a935474-9c87-40e0-979a-aaef30581a3f,befog.build,available,32.98,39.98,medium,low,5,namecheap,,,03/09/2026 23:52
96898d88-ffa4-4ff8-b0be-e73a56731a71,fails.build,available,32.98,39.98,medium,low,5,namecheap,,,18/09/2026 00:27
9546e32a-7b20-4555-8a31-bfa594dd067f,adhd.build,premium,65,65,high,medium,4,namecheap,,,17/09/2026 06:35
f22aa0cc-6fcc-4c5a-9228-c917437c46f4,utterly.build,available,26,26,medium,low,7,spaceship,,,28/09/2026 11:39
b1f6e96c-c29b-4cef-b672-a10109d783bf,crashed.build,available,26,26,low,low,7,spaceship,,,27/09/2026 11:29
576d8401-e50c-4bf6-9041-5b59260f74ce,once.build,premium,1950,1950,high,low,4,namecheap,,,24/09/2026 15:11
c11bd0fd-ba9d-4392-9b9a-9409e672a7ca,update.build,premium,1950,1950,high,low,7,namecheap,,,28/09/2026 03:15
e755fc6d-6127-414d-b795-e56b812248a7,photographers.build,premium,1950,1950,medium,low,13,namecheap,,,19/09/2026 22:58
f5468df5-b010-4ef6-af79-ddeca1bdf269,illiteracy.build,available,32.98,39.98,medium,low,10,namecheap,,,19/09/2026 01:54
bb156e16-520f-4b0a-bf7e-2e2f22ea2449,aldol.build,available,32.98,39.98,high,low,5,namecheap,,,18/09/2026 04:25
060d5706-1a00-44ba-81cf-3a2b726a23e5,loon.build,premium,650,650,high,low,4,namecheap,,,17/09/2026 07:03
7f1ee556-0bc5-42a9-8e56-782772cbb601,kechua.build,available,32.98,39.98,medium,low,6,namecheap,,,22/08/2026 15:23
c6280fbf-5732-4252-a840-e6b9340f32fd,lossless.build,available,32.98,39.98,medium,low,8,namecheap,,,24/08/2026 09:56
2a7c109c-239c-4d9a-8bd1-ff1ccde9dfc1,punily.build,available,32.98,39.98,low,low,6,namecheap,,,15/09/2026 22:01
d8fdd035-522f-4478-b600-472b8cd82174,lavoisier.build,available,32.98,39.98,medium,low,9,namecheap,,,19/09/2026 15:25
af6f273d-b387-465d-866b-05457eca68e0,adrienne.build,available,26,26,medium,low,8,spaceship,,,29/09/2026 09:35
c36625c7-39c3-4812-a11e-27b0e4bed577,foreshadow.build,available,32.98,39.98,high,low,10,namecheap,,,21/09/2026 03:32
163fe639-0e20-4655-bbf8-b23c622dfdaf,autistic.build,available,32.98,39.98,high,low,8,namecheap,,,07/08/2026 19:22
f4479192-5666-4a5e-9d68-b8a74bf96ebb,indicative.build,available,32.98,39.98,medium,low,10,namecheap,,,13/08/2026 21:42
f1275e7f-800e-4a18-a8c8-8804d769362e,hate.build,available,26.97,26.97,high,low,4,dynadot,,,29/09/2026 22:17
472e9ac2-346c-40ec-bf9b-4378c188621e,mvp.build,premium,,,high,medium,3,,,,28/09/2026 19:55
13990b3f-98eb-4e5d-887c-78b7ea88adcb,bark.build,premium,325,325,high,low,4,namecheap,,,22/09/2026 06:15
c225bb8e-74fb-4630-90dd-3cce38db4646,undeveloped.build,available,39.98,,medium,low,11,namecheap,,,
de528bee-3526-480b-8d93-d3c02f673b54,biont.build,available,32.98,39.98,medium,low,5,namecheap,,,23/09/2026 18:48
853f0152-1624-4d1f-83dd-a26322f2478a,isc.build,premium,,,high,low,3,,,,02/10/2026 01:14
db845eaa-8e65-49ff-a9a1-f4655ae3f0c7,atm.build,premium,1950,1950,high,low,3,namecheap,,,20/09/2026 18:44
c3e344d5-72cd-4a9c-ae0e-4e81950bcfc8,ballyhoo.build,available,32.98,39.98,high,low,8,namecheap,,,21/09/2026 23:32
ab7a906e-f9fe-47e7-a18b-c8869d57b520,wilful.build,available,32.98,39.98,medium,low,6,namecheap,,,18/08/2026 16:39
f0c05ecb-3ebd-4661-b4f1-7172524aa44f,precious.build,premium,1875,1875,high,low,8,name.com,,,12/08/2026 04:19
d96a6a08-689e-4b77-8824-80564ef18668,alessandro.build,available,26,26,medium,low,10,spaceship,,,28/09/2026 05:03
25532a49-433d-422b-b87b-0ebe76685a61,shaft.build,available,26.26,26.26,high,low,5,porkbun,,,29/09/2026 01:04
7804b81f-ba34-447d-a876-7cddc5b40bff,lutheran.build,available,32.98,39.98,high,low,8,namecheap,,,24/08/2026 12:23
2021cac4-cd09-4259-810a-b391796cb94b,firefighter.build,available,26,26,high,low,11,spaceship,,,30/09/2026 23:57
4bf0f84a-b62d-46de-823c-5575cd729de6,bead.build,available,26.97,26.97,high,low,4,dynadot,,,29/09/2026 01:38
8c63629b-dbe3-41a5-bc5a-75382c179c45,federalism.build,available,26,26,high,low,10,spaceship,,,29/09/2026 12:14
a9a7c762-8ef4-4b19-a2f6-e075aa25e8e7,lights.build,premium,3750,,high,low,6,name.com,,,
9bc8c0ea-17c7-43aa-8819-90db1e078b86,eats.build,available,32.98,39.98,high,low,4,namecheap,,,24/09/2026 14:57
20914d97-13d0-41bd-893d-c9060eb80e9d,morphine.build,available,26,26,medium,low,8,spaceship,,,28/09/2026 10:27
640251cc-4706-43e1-aff4-933f78599f25,demented.build,available,32.98,39.98,medium,low,8,namecheap,,,11/08/2026 01:46
893a58c2-f29d-4d0b-82c3-633c818de4f0,dubuque.build,available,25.2,25.2,medium,low,7,cloudflare,,,28/09/2026 05:32
e3c3d7f0-ffb8-42b3-88d4-c5727b2a3c65,intend.build,premium,1950,1950,high,low,6,namecheap,,,25/09/2026 18:20
d3abb280-9a34-4abd-8874-29d44120d5f2,loaf.build,available,32.98,39.98,high,low,4,namecheap,,,11/09/2026 08:31
e3acb278-857a-4b84-942d-4485008d6d8d,errand.build,available,25.2,25.2,high,low,6,cloudflare,,,30/09/2026 01:33
ba97c725-18e1-4a39-a872-d207a958fc6d,disjoint.build,available,32.98,39.98,medium,low,8,namecheap,,,14/08/2026 11:09
cc6bcdb4-216a-486e-9a35-44dff4f4a71b,yearning.build,available,26,26,high,low,8,spaceship,,,30/09/2026 17:56
517a8e5d-4878-460d-a9ef-81b2007ad8cb,apiculture.build,available,32.98,39.98,medium,low,10,namecheap,,,19/09/2026 15:54
408d5a3a-8636-49f6-8ec0-575167bdaa5d,loyola.build,available,32.98,39.98,medium,low,6,namecheap,,,25/09/2026 07:44
d1b82d0c-4b62-4e58-88d4-167301935463,vegetative.build,available,32.98,39.98,medium,low,10,namecheap,,,13/09/2026 01:44
688d99ea-b3db-422b-851f-8e82fecd8656,sinkable.build,available,32.98,39.98,high,medium,8,namecheap,,,10/09/2026 08:30
e8f97def-1304-4e05-b132-11e8ef98cc22,deciphered.build,available,32.98,39.98,medium,low,10,namecheap,,,13/08/2026 21:34
ea232b53-3808-4d0f-889f-21e398173d0d,opposable.build,available,32.98,39.98,medium,low,9,namecheap,,,06/08/2026 07:43
e4bdabe9-04b2-4eb7-91ba-f622b98d44ff,polish.build,premium,325,325,high,low,6,namecheap,,,27/09/2026 04:22
0a738af7-4369-4e78-a1f8-157e6707e127,bonding.build,premium,1638.01,1638.01,high,low,7,porkbun,,,28/09/2026 09:11
012fdfc9-9efc-4255-9b7c-2b464169186d,mortals.build,available,26.97,26.97,medium,low,7,dynadot,,,02/10/2026 02:11
63513872-2b23-46c5-b6bf-f580c479e0ad,senile.build,available,32.98,39.98,medium,low,6,namecheap,,,14/08/2026 14:36
fc1f4b42-61ff-496c-bfa8-9feb6c450427,maxwell.build,premium,,,high,low,7,,,,28/09/2026 06:04
fa3cf80b-c9e6-4cf2-be4b-d78ebcc43018,arcella.build,available,32.98,39.98,medium,low,7,namecheap,,,20/09/2026 01:41
e6ea2c16-934b-43d6-8e1a-ccf955b66a73,klein.build,premium,650,650,high,low,5,namecheap,,,25/09/2026 03:56
ffc36ebb-4ab0-40f9-b938-b258b090c91d,alla.build,available,26,26,high,low,4,spaceship,,,29/09/2026 15:17
2f76d3f8-4873-425e-9200-8204df102c05,pictured.build,available,32.98,39.98,high,low,8,namecheap,,,14/08/2026 02:14
1672eec6-7555-4061-9c72-d30ff86dbc8c,wrinkly.build,available,32.98,39.98,medium,low,7,namecheap,,,13/09/2026 13:47
284b6421-3d0f-43fe-afd0-ac0916ae81d5,miracles.build,available,32.98,39.98,high,low,8,namecheap,,,28/09/2026 05:03
d9039f2e-21ad-41b3-a474-9ce395bb0ac3,stormproof.build,available,32.98,39.98,medium,low,10,namecheap,,,10/09/2026 21:24
c0e60ef9-a007-4f3d-bd4a-99aa41e5a8e7,pall.build,available,32.98,39.98,medium,low,4,namecheap,,,22/08/2026 11:56
b0dab8a5-c8f6-4f58-be4b-fe61ce8ee9b4,richly.build,available,32.98,39.98,high,low,6,namecheap,,,13/09/2026 19:38
600d63dd-d8a5-4dbf-87c2-0567ebd1bc41,recount.build,available,26,26,high,low,7,spaceship,,,30/09/2026 18:26
ef5d00e9-2f52-4a93-8b30-18e47910b464,acarina.build,available,32.98,39.98,medium,low,7,namecheap,,,16/09/2026 21:31
cdf884ff-309d-49ca-b633-16d63e21cd76,fail.build,premium,1552.7,1552.7,medium,low,4,spaceship,,,29/09/2026 19:36
f269ac46-a8e0-4454-9b19-dd8df4c78869,furnished.build,available,32.98,39.98,high,low,9,namecheap,,,18/08/2026 18:50
ac5635eb-e570-4aef-acc9-4b3d7caa5290,riddled.build,available,32.98,39.98,medium,low,7,namecheap,,,09/09/2026 17:19
d5094bde-a47a-45f1-9fc0-96f705e62ba5,theories.build,available,25.2,25.2,medium,low,8,cloudflare,,,01/10/2026 03:41
67243e0e-d9b9-44b4-bdd1-0372d87674df,xcl.build,premium,187.5,187.5,medium,low,3,name.com,,,
5173e4eb-9f45-46ee-a793-5a7013013e6b,perceiving.build,available,26.97,26.97,high,low,10,dynadot,,,01/10/2026 22:24
28e3c866-e49e-41f8-a312-73aa06d63ad7,ministrant.build,available,32.98,39.98,medium,low,10,namecheap,,,24/08/2026 23:57
08d6e309-c107-479f-b6ae-b98025fca7d4,avian.build,available,32.98,39.98,high,low,5,namecheap,,,07/08/2026 23:17
b23c5a1d-8186-4148-a9f7-bddb8db89797,school.build,premium,3105.2,3105.2,high,low,6,spaceship,,,30/09/2026 20:48
5402be1e-193d-4ac7-90c2-04803dd60156,chris.build,premium,1875,1875,high,medium,5,name.com,,,25/09/2026 17:18
c5a64143-15ec-4b5a-93df-c5018dea8ff5,wapiti.build,available,32.98,39.98,medium,low,6,namecheap,,,18/09/2026 19:45
21620fe9-9c3a-45e8-82c4-c682573f2c26,xliv.build,available,32.98,39.98,medium,low,4,namecheap,,,
456a500d-7730-4896-95b0-ab07e48e59ca,removed.build,available,,,high,low,7,,,,26/09/2026 00:50
132bd5cb-6dff-4da8-9f97-0e7f42e5ed32,employ.build,premium,1950,1950,high,low,6,namecheap,,,08/09/2026 13:39
f40f8e9d-9750-4356-8e68-3ded413176f3,wolsey.build,available,26,26,medium,low,6,spaceship,,,02/10/2026 00:49
cddaf242-556a-4ff5-958a-6ff29e044a72,sens.build,available,26.26,26.26,high,low,4,porkbun,,,01/10/2026 01:48
d6b1314d-0071-43e8-b1e4-a663a23d84b5,nhk.build,premium,155.45,155.45,medium,low,3,spaceship,,,01/10/2026 12:30
799e08b9-6726-4992-8fab-98911a56a9b9,manipulate.build,available,32.98,39.98,high,low,10,namecheap,,,28/09/2026 05:48
69b0ce97-a5a9-4ee0-9b93-01ad40ddf535,mere.build,premium,1950,1950,high,low,4,namecheap,,,25/09/2026 19:33
9934c508-f3d4-4eda-afa3-aa6696987517,mama.build,premium,517.7,517.7,high,low,4,spaceship,,,28/09/2026 06:17
90673bd5-d38d-4b60-89a6-d7a61ae37300,shuttle.build,premium,1552.7,1552.7,high,low,7,spaceship,,,27/09/2026 15:53
c520bb7c-efee-4fdf-83d0-62c9cfa1821f,joliet.build,premium,,,medium,low,6,,,,29/09/2026 01:26
74d1aab1-27e0-4438-bd51-e3360d25088f,spew.build,available,32.98,39.98,high,medium,4,namecheap,,,10/09/2026 07:39
255a6dff-ed09-46a2-ae1c-d7f5c1cc1f16,kidnapper.build,available,32.98,39.98,medium,low,9,namecheap,,,16/09/2026 14:52
e2fa6153-f056-4338-af8a-b34ea65be78e,cervical.build,available,32.98,39.98,high,low,8,namecheap,,,12/08/2026 00:58
99174753-55fd-40b8-a13b-a8bf339bd098,declaring.build,available,25.2,25.2,high,low,9,cloudflare,,,30/09/2026 07:00
5cb60cef-e6f5-474f-9ce0-cd8baa919c07,beck.build,available,69.99,69.99,high,low,4,name.com,,,22/09/2026 22:35
256f83d9-7fc3-4eee-af0c-ff1e7cb53dd0,zapata.build,available,26,26,high,low,6,spaceship,,,29/09/2026 18:45
79d79402-97af-4265-babe-6d60621ab6cb,clarification.build,available,25.2,25.2,medium,low,13,cloudflare,,,02/10/2026 01:38
e4f6a7c4-339c-4ad5-b9a2-00f563bbec82,kindergarten.build,available,26,26,high,low,12,spaceship,,,29/09/2026 05:20
f4e4648d-44f4-45b5-bccb-58c15c51a844,criticise.build,available,25.2,25.2,high,low,9,cloudflare,,,30/09/2026 18:08
6a7db63d-8f0a-4c74-aee7-57d1afeee7e0,patrick.build,premium,65,65,high,low,7,namecheap,,,25/09/2026 09:49
66ce69c9-798b-4ef9-ba5b-6b2d6f17eb19,axial.build,available,32.98,39.98,high,low,5,namecheap,,,22/09/2026 15:33
31c1b263-e91b-4305-b54e-ad30599465fa,semiformal.build,available,32.98,39.98,high,low,10,namecheap,,,10/08/2026 11:42
df10849f-6f98-4716-8de4-3056c99cdfa8,vivaldi.build,available,32.98,39.98,medium,low,7,namecheap,,,19/09/2026 15:40
7ec9c61a-655c-43f0-af73-c224989cf459,broadly.build,available,26,26,medium,low,7,spaceship,,,28/09/2026 13:32
0f607845-3029-4ff4-976b-ffb1e61ff446,amnesiac.build,available,32.98,39.98,medium,low,8,namecheap,,,
323b90cc-5b84-4ac2-b0f1-e6ec16c75a64,intro.build,premium,625,,high,low,5,name.com,,,30/09/2026 00:18
2631cf70-a4b9-4c8c-a69c-64917c2654b1,muhammadan.build,available,32.98,39.98,medium,low,10,namecheap,,,25/08/2026 03:21
dec1add2-5731-4aaa-9331-c844ecfe1de7,usage.build,available,32.98,39.98,high,low,5,namecheap,,,24/09/2026 04:06
c6a2e63d-4318-4a06-97b7-812268247d71,rattling.build,available,32.98,39.98,high,low,8,namecheap,,,11/08/2026 04:30
b3b58d75-68a7-465e-8481-8bb9efbbc802,des.build,premium,165,165,high,low,3,dynadot,,,29/09/2026 14:04
3a90016e-8f27-4e98-a66d-dc7d1c10da90,conducive.build,available,32.98,39.98,high,low,9,namecheap,,,12/08/2026 20:30
79092077-1b67-498b-b2a4-f14f2f88c7b5,unhurt.build,available,32.98,39.98,high,medium,6,namecheap,,,09/09/2026 20:45
c0bb9709-57ef-423c-ade9-7dbfe84b2d1c,bilinear.build,available,32.98,39.98,high,low,8,namecheap,,,09/08/2026 21:20
92bc17b6-5e19-462b-9575-810f9bf555f6,lobster.build,available,26,26,high,low,7,spaceship,,,28/09/2026 06:11
db121755-b8ed-43a9-9172-a511fdb8a6eb,source.build,premium,650,650,high,medium,6,namecheap,,,25/09/2026 22:58
1071bb74-5898-4a41-9999-43d356b1b968,damascene.build,available,69.99,69.99,high,low,9,name.com,,,13/08/2026 16:07
3ef49844-4e4b-4850-abe3-3e0c761fc37a,tells.build,available,32.98,39.98,medium,low,5,namecheap,,,18/09/2026 14:10
03f3dd45-6c84-49a7-b5af-f8117c7993b0,zama.build,available,32.98,39.98,medium,low,4,namecheap,,,22/09/2026 16:21
e00377a2-2766-4f0c-ac38-b2e83a4ff001,unshaved.build,available,32.98,39.98,medium,low,8,namecheap,,,12/09/2026 19:42
820a2e1f-ae16-46e4-a4ac-dac1cd580dea,tentacular.build,available,32.98,39.98,medium,low,10,namecheap,,,11/09/2026 11:35
9e95d6c9-8176-469f-be12-e48a90cbf168,zhao.build,available,26.97,26.97,high,low,4,dynadot,,,27/09/2026 20:53
06bdef02-f782-44f6-9d29-ebc2b49640e7,pianos.build,available,32.98,39.98,medium,low,6,namecheap,,,20/09/2026 09:12
ed848981-5489-4208-83ac-6c18b33d6230,keene.build,available,26,26,high,low,5,spaceship,,,28/09/2026 03:36
a442ea6f-ca14-479a-b501-81e103c40f9b,floats.build,available,32.98,39.98,medium,low,6,namecheap,,,29/09/2026 23:46
f7518838-2f64-4f2c-b0a2-09755d7f4b1b,toshiba.build,available,26.26,26.26,high,high,7,porkbun,,,30/09/2026 04:27
0802a959-e0c2-4514-974d-16d9d61703c9,vial.build,available,32.98,39.98,high,low,4,namecheap,,,18/09/2026 23:48
8af095a3-0edf-430a-ab65-ba5733c66d02,cracked.build,premium,650,650,high,low,7,namecheap,,,22/09/2026 01:30
088910e1-5bbb-4bef-ab88-17fa0dbcf152,balata.build,available,32.98,39.98,medium,low,6,namecheap,,,21/09/2026 21:12
594c2986-d56c-469f-b96c-21ccb350f5a7,preeminent.build,available,32.98,39.98,high,medium,10,namecheap,,,09/09/2026 01:32
6bbb6c81-5137-458a-8fb6-205cd2b4012b,chem.build,available,32.98,39.98,high,low,4,namecheap,,,18/09/2026 00:59
999fbb5f-cae1-421c-92ad-10ef301de778,azeri.build,available,32.98,39.98,high,low,5,namecheap,,,21/09/2026 11:12
b0df8f9e-727c-4d77-8365-01bdeb1d9554,sevenup.build,available,26,26,high,low,8,spaceship,,,30/09/2026 06:05
ef5166c4-1c80-4706-b591-7ec6a6c4fa14,hbo.build,premium,187.5,,high,medium,3,name.com,,,
a62fb506-7367-418f-91e3-7dc2dfee5577,announcer.build,available,32.98,39.98,high,low,9,namecheap,,,19/09/2026 10:49
c9a323fb-8bd8-4ade-ace0-bbc74faae734,wicklow.build,available,26,26,medium,low,7,spaceship,,,01/10/2026 23:14
b692439d-5c25-4106-96b1-73adf393cae2,gloomy.build,available,32.98,39.98,medium,low,6,namecheap,,,14/08/2026 11:40
c6cc048d-fec2-4d49-8949-a267a6a5dd59,asphodel.build,available,32.98,39.98,medium,low,8,namecheap,,,20/09/2026 15:08
69f4d999-7048-4c0b-ae10-313bb3f13863,bimonthly.build,available,32.98,39.98,high,low,9,namecheap,,,09/08/2026 22:42
3b496501-cc59-4b3b-8085-3d650fa82f30,supper.build,available,26,26,high,low,6,spaceship,,,30/09/2026 12:31
7111af08-f81f-436e-8238-b9601008b49f,livingstone.build,available,25.2,25.2,high,low,11,cloudflare,,,28/09/2026 04:32
110cd43f-dab5-44bd-8b86-e63f92d6975c,compel.build,available,32.98,39.98,medium,low,6,namecheap,,,03/09/2026 23:39
e51154c7-f6dc-4d46-bc60-9ddf110d8677,arboreal.build,available,32.98,39.98,high,low,8,namecheap,,,06/08/2026 13:18
7ebaafc0-ba95-4d67-9611-77106c7e88f7,supported.build,available,26,26,high,low,9,spaceship,,,28/09/2026 02:01
4a168e0d-b957-4e22-a5b4-5ed145c23df5,nicaean.build,available,32.98,39.98,medium,low,7,namecheap,,,03/09/2026 16:59
d8ae2740-24a1-4210-a738-e8396e90294d,watertight.build,available,32.98,39.98,high,low,10,namecheap,,,11/08/2026 08:34
9aecc113-c118-41f6-9f7b-4013e93b9c0e,mont.build,available,32.98,39.98,medium,low,4,namecheap,,,30/09/2026 19:51
0b696769-9057-4811-b655-736bae394220,grilled.build,available,32.98,39.98,high,low,7,namecheap,,,08/08/2026 16:31
0e37204b-dd9e-4c64-a52c-a385ad5e9930,fated.build,available,32.98,39.98,medium,low,5,namecheap,,,17/08/2026 23:32
37640fac-05e9-42a5-9164-25950edbd2b4,catechu.build,available,32.98,39.98,medium,low,7,namecheap,,,16/09/2026 20:04
122cec46-ee27-48e0-a948-6b362ab4b5f0,alaric.build,available,32.98,39.98,medium,low,6,namecheap,,,18/09/2026 01:52
28eb76e2-3a6b-4ce5-bad8-a031fd25ed05,payment.build,premium,1552.7,1552.7,high,medium,7,spaceship,,,30/09/2026 15:12
3ed4c296-f523-44ab-a0f7-66e9b87b2ec8,digitally.build,available,25.2,25.2,high,low,9,cloudflare,,,01/10/2026 20:08
8de153da-53ab-4209-b9fb-fbb0735278c9,original.build,premium,69.99,,high,low,8,name.com,,,26/09/2026 00:32
6c76af21-9f31-48fd-984e-f829a94f5c7a,unworldly.build,available,32.98,39.98,medium,low,9,namecheap,,,12/09/2026 20:18
53b7756c-1087-461f-95c6-f5eacf7277fe,nauseous.build,available,32.98,39.98,medium,low,8,namecheap,,,24/08/2026 08:24
1e8cc019-1ae2-414b-b5cf-e55012c1d634,jobs.build,premium,1950,1950,high,medium,4,namecheap,,,17/09/2026 22:00
38bd819e-030f-4594-9d26-e2cea72cfc25,adopted.build,available,32.98,39.98,high,low,7,namecheap,,,
eb3504aa-eac3-4baa-ae08-48f3a596824a,prox.build,available,32.98,39.98,medium,low,4,namecheap,,,09/09/2026 04:42
d426aefb-f6d1-437b-b81e-e3f800f2dfd1,worded.build,available,32.98,39.98,medium,low,6,namecheap,,,20/09/2026 15:04
2056c180-6a31-419f-96c3-341669724b64,reported.build,available,26,26,high,low,8,spaceship,,,27/09/2026 11:56
25eb3e4a-3ce5-4f08-8dba-0a7b8893c85c,irb.build,premium,195,195,medium,low,3,namecheap,,,29/09/2026 03:06
95983651-be50-40d2-b15c-d6d7d300cc23,errol.build,available,26,26,medium,low,5,spaceship,,,30/09/2026 12:54
0e819ac1-1a56-46a6-9a46-681dc2e4ec54,sandalled.build,available,32.98,39.98,high,medium,9,namecheap,,,09/09/2026 21:12
b74a8ba0-f05a-4f34-93a3-9ead367a71ab,encryption.build,available,26.97,26.97,high,low,10,dynadot,,,29/09/2026 18:46
c3b9dbfe-25ae-45bd-821a-64da7d86149a,rugose.build,available,32.98,39.98,high,medium,6,namecheap,,,09/09/2026 19:20
9ecef1c0-efb6-4e5d-824b-9aa2d1832c44,newfound.build,available,32.98,39.98,medium,low,9,namecheap,,,08/09/2026 04:48
a47fd22c-3818-4e72-b6c3-8a83e7b38261,mosby.build,available,26,26,medium,low,5,spaceship,,,30/09/2026 05:30
70a3a699-298a-4f20-9cd4-9bc9c006057b,satisfactory.build,available,26,26,high,low,12,spaceship,,,01/10/2026 10:29
c254a95d-026b-4480-91c6-51330ac7fe65,broth.build,available,32.98,39.98,high,low,5,namecheap,,,24/09/2026 10:49
f7097eb1-4cb8-4608-b756-cbbda298901a,maladroit.build,available,32.98,39.98,medium,low,9,namecheap,,,24/08/2026 13:35
66d06d1e-b2aa-4729-920b-c914255b0fdb,savor.build,available,26,26,high,low,5,spaceship,,,02/10/2026 02:32
e730a9cf-11fe-43aa-ae2d-8a78e95fe34a,reconsider.build,available,25.2,25.2,high,low,10,cloudflare,,,28/09/2026 20:52
b0ad0dc5-1b60-4e96-a216-d9327f1c26e5,balkans.build,available,32.98,39.98,medium,low,7,namecheap,,,21/09/2026 22:15
9d5bb83b-2917-41a1-9d57-fdce2638720d,choosey.build,available,32.98,39.98,medium,low,7,namecheap,,,12/08/2026 06:55
a719d930-eae9-449a-a4d8-dbf536e35637,pagan.build,available,32.98,39.98,medium,low,5,namecheap,,,18/08/2026 21:57
a3bedff3-bbb2-4685-9c18-b2b9b15e6cbb,impala.build,available,32.98,39.98,medium,low,6,namecheap,,,17/09/2026 12:44
00cb8339-89f7-4b47-ac3a-c2b9f718fb90,tod.build,premium,195,195,high,low,3,namecheap,,,11/09/2026 16:39
cc0096f5-6380-47bc-9919-66284ccad046,insisted.build,available,26,26,medium,low,8,spaceship,,,27/09/2026 23:35
d1d301f8-eff3-429f-9a40-b186e82b1319,chirpy.build,available,32.98,39.98,high,low,6,namecheap,,,12/08/2026 06:03
c2e76e1b-bed4-4d4c-a3b0-7168f3abc927,muzzle.build,available,26,26,high,low,6,spaceship,,,29/09/2026 07:01
343a75e5-42e2-474d-ba0c-50a384a272a8,cantabile.build,available,32.98,39.98,medium,low,9,namecheap,,,11/08/2026 17:38
f177da42-ab5e-4f01-a9fc-bb867facb0df,glossy.build,available,32.98,39.98,high,low,6,namecheap,,,11/08/2026 14:10
6b2f98e3-84bb-4ae1-80a0-6e75d03d8688,gigi.build,available,26,26,high,low,4,spaceship,,,01/10/2026 11:39
224542cb-a279-4cf9-890d-d10922b20bae,pacing.build,available,26,26,high,low,6,spaceship,,,01/10/2026 03:12
81d572d6-e3cb-4016-9c57-89f26ff248e9,rimmed.build,available,32.98,39.98,medium,low,6,namecheap,,,09/09/2026 17:45
eff1a06d-3228-455a-a7b4-8b62003a0e26,vertebrae.build,available,25.2,25.2,low,low,9,cloudflare,,,29/09/2026 22:57
b5b2146d-0763-45ad-bb25-18d7bca897ce,listed.build,available,32.98,39.98,high,low,6,namecheap,,,25/09/2026 13:56
9cdc8937-a1e8-425b-a131-fb3897293a09,brigade.build,available,69.99,69.99,high,low,7,name.com,,,24/09/2026 10:19
975eb893-1df4-4ef0-83f0-d41c1130bbd0,wallow.build,available,32.98,39.98,medium,low,6,namecheap,,,23/09/2026 16:37
70dbb89f-d9c1-4400-bc33-de45f21895ed,care.build,premium,650,650,high,medium,4,namecheap,,,25/09/2026 13:42
2a49d5de-49bc-4656-a669-d75011a369a5,dedication.build,available,32.98,39.98,high,low,10,namecheap,,,18/09/2026 10:32
f118e3a7-41f1-4d0d-8901-559d7a29b799,audible.build,premium,650,650,high,high,7,namecheap,,,01/10/2026 22:36
3f730237-0198-4f7b-b00d-11b16e43618d,emerging.build,premium,1875,1875,high,low,8,name.com,,,16/08/2026 15:03
1ac52a29-4e73-4990-802d-412e28c1b113,spiked.build,available,32.98,39.98,high,medium,6,namecheap,,,10/09/2026 15:37
27865ec5-f9d2-4d1e-96c5-3d928a6cdafc,monoclonal.build,available,32.98,39.98,medium,low,10,namecheap,,,19/09/2026 05:27
74909973-35ad-44c2-8d51-e31d1e49b64d,predictable.build,available,25.2,25.2,high,low,11,cloudflare,,,28/09/2026 15:49
3185ec85-122b-412d-907b-8c9b633a761f,coverage.build,premium,1552.7,1552.7,high,low,8,spaceship,,,29/09/2026 11:52
d1e0c99b-3ce4-45e7-b702-8eff23066086,closed.build,premium,1875,1875,high,low,6,name.com,,,12/08/2026 12:15
48f2b42c-e96e-42f7-8e9d-a540692783e3,folks.build,available,32.98,39.98,high,low,5,namecheap,,,24/09/2026 16:34
d5cc6f54-7d2d-478f-a3ab-2abe85a9abbd,attacks.build,available,32.98,39.98,medium,low,7,namecheap,,,27/09/2026 02:47
2eafc8cf-b710-4798-a31d-fa303f8d3946,creeping.build,available,26.26,26.26,medium,low,8,porkbun,,,29/09/2026 00:36
4f31e3e7-63ca-4bd6-b03e-b7d4371a5c07,cabbage.build,available,26,26,high,low,7,spaceship,,,29/09/2026 03:24
5fd4a58a-4093-4f7e-a6d1-a700635a55e1,uveous.build,available,32.98,39.98,low,low,6,namecheap,,,13/09/2026 00:24
ec7e033e-1329-43e0-b118-c66ade92197f,arcadian.build,available,32.98,39.98,high,low,8,namecheap,,,06/08/2026 14:10
0958f4bb-826d-4a6f-8900-b59aa0832256,roads.build,premium,1650,1650,high,low,5,dynadot,,,30/09/2026 10:19
3cff7254-1698-41dd-a6fb-a6e901e99609,plagued.build,available,25.2,25.2,medium,low,7,cloudflare,,,29/09/2026 03:23
183da3eb-0582-45d7-8fff-de40174a4719,bombs.build,available,32.98,39.98,medium,low,5,namecheap,,,25/09/2026 21:33
b650db06-4840-49b5-b1c5-e189dea46735,acores.build,available,32.98,39.98,medium,low,6,namecheap,,,17/09/2026 02:16
625a6f98-2e97-4eaf-aeba-573bbf500015,lemuel.build,available,25.2,25.2,medium,low,6,cloudflare,,,01/10/2026 09:21
b2013db9-14ef-45f2-8ee3-29be1df7566b,discomfort.build,available,32.98,39.98,high,low,10,namecheap,,,29/09/2026 15:28
6175664e-c3e2-4d2f-8cd7-8d1523f23e6d,foucault.build,available,26,26,medium,low,8,spaceship,,,28/09/2026 19:15
fcbfe3e8-c537-43ea-8e56-a3f1a80dd47c,sinclair.build,available,32.98,39.98,high,low,8,namecheap,,,25/09/2026 04:16
1e4704d2-278b-4ec7-8f33-8aa7b0291069,confronted.build,available,26.26,26.26,low,low,10,porkbun,,,28/09/2026 23:23
5a138942-8f0d-4144-8f17-16d84fac7b85,strategic.build,premium,1552.7,1552.7,high,low,9,spaceship,,,28/09/2026 01:36
8e9076f0-417f-4296-b0f1-2f3019f4d221,ilya.build,available,26.97,26.97,high,low,4,dynadot,,,30/09/2026 13:44
210242b9-520f-4546-89b6-c41f055e5df5,beret.build,available,32.98,39.98,high,low,5,namecheap,,,23/09/2026 09:15
e0f3a1ca-f1dd-4654-8b61-bd11b8fb1147,elizabethtown.build,available,32.98,39.98,medium,low,13,namecheap,,,01/10/2026 12:15
53baad92-72dd-4afa-9b93-7308a14e43d8,tuppeny.build,available,32.98,39.98,medium,low,7,namecheap,,,10/09/2026 09:12
a3003326-d2e6-4c46-81f5-e298c414dc50,attach.build,premium,1950,1950,high,low,6,namecheap,,,23/09/2026 19:57
3cd18411-60fc-40ed-9bd9-d401b21cf6ff,entirety.build,available,26,26,high,low,8,spaceship,,,29/09/2026 18:15
dca9807e-97af-4719-860a-cc5c8b98a9a9,benefit.build,premium,1950,1950,high,low,7,namecheap,,,23/09/2026 07:55
6ea3e0b6-df65-4cf3-813c-c495ce7eb710,replacing.build,available,32.98,39.98,high,low,9,namecheap,,,29/09/2026 02:02
6a443c24-a8d4-42b9-bc85-371a8c0a6a06,tweet.build,available,26,26,high,low,5,spaceship,,,30/09/2026 05:48
f246f7b6-d231-4de4-8100-7838609b3282,jos.build,premium,155.45,155.45,medium,low,3,spaceship,,,29/09/2026 03:35
e0432b9d-9002-49b1-897b-d05d0ed1049b,ultraviolet.build,available,32.98,39.98,high,low,11,namecheap,,,30/09/2026 03:39
4e1364fa-7e80-4a9f-9636-b0c316d67952,hearty.build,available,32.98,39.98,high,low,6,namecheap,,,21/08/2026 02:13
b30aacd8-9fa5-44cf-92ca-b3e0a0a1ddc6,reassigned.build,available,26.26,26.26,medium,low,10,porkbun,,,30/09/2026 16:25
50d03513-d0b6-45c4-b5e0-d0a46ff6c23d,flowed.build,available,25.2,25.2,medium,low,6,cloudflare,,,02/10/2026 02:35
ef7a38ef-1de3-49df-b0c6-24170b5ebdd2,register.build,available,,,high,low,8,,,,25/09/2026 22:07
fe9f06f9-c7f7-4373-a728-4be4a577a370,confess.build,available,25.2,25.2,high,low,7,cloudflare,,,30/09/2026 17:40
f2b8596a-3aa7-4884-b58d-a167c2c01d10,gooey.build,premium,65,65,high,low,5,namecheap,,,20/08/2026 16:53
51fed7c1-3777-42b1-bf35-937fa40f369f,obnoxious.build,available,32.98,39.98,medium,low,9,namecheap,,,03/09/2026 23:32
d556b579-a905-4ce8-a8bf-d4812d8af52a,starvation.build,available,32.98,39.98,medium,low,10,namecheap,,,10/09/2026 19:06
60974f0f-bf55-4e56-afbf-3642c38d6b86,abeyance.build,available,32.98,39.98,medium,low,8,namecheap,,,16/09/2026 15:20
e6bcabd6-b678-40d1-adf4-d97845475305,resign.build,available,25.2,25.2,medium,low,6,cloudflare,,,30/09/2026 06:20
a151f103-dc35-4190-92bd-9bdcb8dfcd36,marshals.build,available,25.2,25.2,high,low,8,cloudflare,,,30/09/2026 18:01
8a9f552d-9ba5-47ea-bb79-eb2e8ee1da66,handbill.build,available,32.98,39.98,medium,low,8,namecheap,,,11/08/2026 05:06
b9e0ece8-990c-47d4-892f-5ae20e12f071,respects.build,available,26,26,high,low,8,spaceship,,,30/09/2026 09:58
e6cf9fc4-1ecd-48f8-93d3-aa69b91341af,investigation.build,premium,1950,1950,high,low,13,namecheap,,,25/09/2026 17:01
72f033cc-a9a2-4b23-9c49-6486bce2e4e0,longer.build,available,26.97,26.97,high,low,6,dynadot,,,28/09/2026 16:12
c535949d-3f69-4530-940c-24050a197e75,stevens.build,premium,650,650,high,low,7,namecheap,,,25/09/2026 06:30
dc6f995e-340d-463c-bb49-cf4ac6653b5b,beautiful.build,premium,1950,1950,high,low,9,namecheap,,,29/09/2026 08:37
57b36ae9-ba3b-4eec-bf87-33388e45277c,sheeny.build,available,32.98,39.98,high,low,6,namecheap,,,20/08/2026 14:32
895b5c77-f51f-4e9f-ac38-d7f6c07977d3,ingalls.build,available,26,26,medium,low,7,spaceship,,,29/09/2026 15:51
8f61448e-d4fc-4906-a34c-7662734a8efd,television.build,premium,650,650,high,low,10,namecheap,,,01/10/2026 08:09
900c037f-a2d1-45ec-9fe1-da2a0b2b50e2,sikkim.build,available,26,26,medium,low,6,spaceship,,,30/09/2026 02:52
44c2ef61-7120-4185-b3da-3569be5f4094,diluvian.build,available,32.98,39.98,medium,low,8,namecheap,,,14/08/2026 07:51
38e74fb8-7bb8-43b1-a371-05098eeed65b,miraculous.build,available,32.98,39.98,high,low,10,namecheap,,,21/08/2026 02:29
1546e521-5861-42c1-9414-14ee97e24db7,track.build,premium,1950,1950,high,medium,5,namecheap,,,24/09/2026 02:07
acaa75f0-cfca-49b7-ada7-87a292839ac8,thallium.build,available,32.98,39.98,medium,low,8,namecheap,,,20/09/2026 23:51
9de9ab78-2a53-405b-8932-fb55dc7d5ea3,alauda.build,available,32.98,39.98,high,low,6,namecheap,,,18/09/2026 02:15
63e314c2-9bbc-49b8-a6c4-1b5d987b43de,recruited.build,available,32.98,39.98,medium,low,9,namecheap,,,18/09/2026 00:53
e19ae5bc-4156-46d2-8262-67be167bc005,allspice.build,available,32.98,39.98,high,low,8,namecheap,,,18/09/2026 12:10
288f1f3c-9a38-4bac-a27e-c71ddd53cad7,degree.build,premium,1875,1875,high,low,6,name.com,,,23/08/2026 00:33
003c7b38-c8a3-4a35-8d15-edebe3ee76cc,reality.build,available,,,high,low,7,,,,26/09/2026 00:09
47838fd3-eb1a-4318-804d-365bd35dcce7,braless.build,available,32.98,39.98,low,low,7,namecheap,,,08/08/2026 18:29
21a0b2f0-f12c-4925-a928-906b8f5acfe0,xmas.build,available,32.98,39.98,high,low,4,namecheap,,,29/09/2026 09:09
ded35fa2-4d41-4cc2-8245-9b358478bc23,unconscious.build,available,32.98,39.98,medium,low,11,namecheap,,,26/09/2026 03:06
6127c9a6-cc15-41b1-84c5-7694482f054b,rappahannock.build,available,26,26,medium,low,12,spaceship,,,30/09/2026 22:09
27d57ea4-822d-4aea-9785-f1f8ac336930,frore.build,available,32.98,39.98,low,low,5,namecheap,,,18/08/2026 16:21
0765273b-6142-4d43-88bd-ca5969b4e5cb,teens.build,premium,1552.7,1552.7,high,low,5,spaceship,,,30/09/2026 13:01
4646e06d-3221-4a0e-a7cd-3cb32acd14ac,counterpart.build,available,32.98,39.98,high,low,11,namecheap,,,30/09/2026 03:28
62df3037-dce9-4029-973b-df7d315414e8,hinder.build,available,32.98,39.98,high,low,6,namecheap,,,24/09/2026 23:48
27b1a0dc-e16c-44ca-b4d1-d1c4700dd19b,cent.build,available,32.98,39.98,high,low,4,namecheap,,,08/09/2026 08:07
ecd4498c-e424-4a40-9c4f-43734d33d1e1,saccadic.build,available,32.98,39.98,high,medium,8,namecheap,,,09/09/2026 20:35
005b8167-3ff9-48be-b66d-0cf5f5393185,cathartic.build,available,32.98,39.98,high,low,9,namecheap,,,05/08/2026 22:20
df8f6fb5-574f-45e8-a91a-c3a43b22cff3,controls.build,premium,1552.7,1552.7,medium,low,8,spaceship,,,27/09/2026 23:26
0fe2f6d8-9aec-48f4-bb5e-c36d63de6f45,moma.build,available,26.26,26.26,high,low,4,porkbun,,,01/10/2026 23:50
f045dcbb-09da-474c-9333-26793819dd5b,decca.build,available,26.97,26.97,medium,low,5,dynadot,,,28/09/2026 21:44
a8da8151-13cd-4dd1-a788-b2993a7e1265,cartridge.build,available,26.97,26.97,high,low,9,dynadot,,,29/09/2026 18:14
8aa71cf4-725b-45e6-93fb-069a6a3f649b,beatles.build,available,32.98,39.98,high,low,7,namecheap,,,22/09/2026 21:43
17a7e0c3-1fa7-4775-8290-421548189e2d,arboretum.build,available,32.98,39.98,medium,low,9,namecheap,,,20/09/2026 00:49
624a6cb1-f85b-450b-9331-d4c3f04b3d9e,hayden.build,premium,325,325,high,low,6,namecheap,,,25/09/2026 15:33
a45059db-7ebe-481f-84e4-d1358a24a144,caroline.build,premium,312.5,312.5,high,low,8,name.com,,,11/08/2026 19:29
305b8be3-63cc-4c29-b007-e18260ce2035,glycogen.build,available,32.98,39.98,medium,low,8,namecheap,,,19/09/2026 08:46
ad0cb4db-be04-4e0b-9328-ccab16f10a26,bergamot.build,available,69.99,69.99,high,low,8,name.com,,,23/09/2026 09:18
a39a1d06-f529-47d1-a8b4-246d834066ff,cherish.build,available,26,26,high,low,7,spaceship,,,29/09/2026 08:23
d23d4be5-2ba2-430d-ba92-3eb76aa55d00,perugia.build,available,32.98,39.98,high,low,7,namecheap,,,29/09/2026 21:46
bc4bf8fd-0c87-4ea5-88b3-17a8909c375d,jewelled.build,available,32.98,39.98,medium,low,8,namecheap,,,18/08/2026 21:12
f336c815-fb21-47bf-9cd7-f24756ebade7,allegany.build,available,25.2,25.2,medium,low,8,cloudflare,,,30/09/2026 22:05
5bac5e2c-435c-4a61-a018-9b732644af20,afternoons.build,available,26,26,medium,low,10,spaceship,,,29/09/2026 10:29
72fa3a8c-23b3-4b84-b3ba-87fd6bcaa0a5,pledged.build,available,69.99,69.99,high,low,7,name.com,,,27/09/2026 04:12
d48663a4-b448-420a-a4d3-4a75513698b5,obsessive.build,available,32.98,39.98,high,low,9,namecheap,,,25/09/2026 23:45
c0c91d73-16c0-4bfd-a699-c99118b5ba02,acids.build,available,39.98,,medium,low,5,namecheap,,,
da3019ef-5303-41a5-9f40-c2677c43d6d7,jin.build,premium,,,high,low,3,,,,28/09/2026 07:26
29391571-bf39-4257-a177-2148dfc8f03e,allocation.build,available,32.98,39.98,high,low,10,namecheap,,,18/09/2026 11:47
ccf99f5c-1334-4866-9d64-6005cb6be7d0,hadley.build,available,26,26,medium,low,6,spaceship,,,27/09/2026 20:44
328195bf-3f71-4598-b787-baa4fc7cb911,aspirator.build,available,32.98,39.98,medium,low,9,namecheap,,,20/09/2026 15:23
38737f28-15c1-4be7-bc8b-dade6d91d5c8,apophatic.build,available,32.98,39.98,medium,low,9,namecheap,,,06/08/2026 02:27
fb6ff7d1-4041-40d6-8da7-426387326907,mosquito.build,available,26,26,medium,low,8,spaceship,,,30/09/2026 05:20
43d20215-9dc5-4002-aa9a-411c89248a16,upheld.build,available,26,26,medium,low,6,spaceship,,,01/10/2026 13:41
412155cb-4071-494d-9a62-f93ade8573ec,unfed.build,available,32.98,39.98,medium,low,5,namecheap,,,12/09/2026 10:04
334fbcc9-504b-46b7-8825-6559281264a2,ductile.build,available,32.98,39.98,high,low,7,namecheap,,,14/08/2026 20:50
79f8f519-de6e-4ad8-9900-91f62f8edeff,reinforce.build,available,26,26,high,low,9,spaceship,,,29/09/2026 20:46
3b9a7dc1-1e6f-4238-987d-a6c3a5b3f450,indiana.build,premium,1552.7,1552.7,high,low,7,spaceship,,,29/09/2026 22:58
9fddbb28-2a3b-43ce-a48c-39271f0c5b0d,schulz.build,available,26,26,high,low,6,spaceship,,,28/09/2026 13:42
fe82870f-0038-4e37-910b-40c24fd1586a,ideals.build,available,26,26,medium,low,6,spaceship,,,29/09/2026 05:10
cf7772c6-15e7-4337-91ba-8ecd69436593,fulbright.build,available,32.98,39.98,high,low,9,namecheap,,,27/09/2026 04:04
ba1d620b-4741-4bd6-b5a3-8dd8d4a4bc40,interrogation.build,available,26,26,medium,low,13,spaceship,,,28/09/2026 08:22
3d1cd95c-98ea-484d-90b8-76397a7657cb,bail.build,available,32.98,39.98,high,low,4,namecheap,,,21/09/2026 18:59
d29d6a87-3421-4932-9644-f8414c9fcb90,papered.build,available,32.98,39.98,medium,low,7,namecheap,,,21/09/2026 10:14
f7324399-8fe9-493b-bf87-6b31e2aa9ddd,trilateral.build,available,32.98,39.98,medium,low,10,namecheap,,,11/09/2026 14:28
15329787-8e02-4e80-8c57-951106248354,productivity.build,premium,,,high,low,12,,,,29/09/2026 23:18
e823c60e-fe5c-4cbb-b2de-abba86716e8a,unwieldy.build,available,32.98,39.98,medium,low,8,namecheap,,,12/08/2026 13:10
f0954594-abd1-4450-a4c7-c322154b1a53,begum.build,available,32.98,39.98,medium,low,5,namecheap,,,23/09/2026 03:01
dce7046d-4cae-4395-b072-a7f05335f244,galbraith.build,available,26,26,medium,low,9,spaceship,,,29/09/2026 07:01
26ceb475-f3e8-48bd-8ceb-550882561c74,prompting.build,available,32.98,39.98,high,low,9,namecheap,,,27/09/2026 07:31
8ec21f22-e8c5-4ddc-aa50-d9356d461d51,intensely.build,available,32.98,39.98,high,low,9,namecheap,,,15/09/2026 08:54
55d386e3-1d95-49ae-85fb-b41a6eecfc20,completes.build,available,25.2,25.2,medium,low,9,cloudflare,,,01/10/2026 17:08
95710a74-960c-4784-ae18-b787178b00f8,tactual.build,available,32.98,39.98,medium,low,7,namecheap,,,21/08/2026 00:04
4af4b6f2-5cf5-472c-a895-fadf7f1f9b92,scented.build,available,32.98,39.98,high,low,7,namecheap,,,27/09/2026 03:39
d80f5e0d-0645-4930-a52a-8a8fbf84d777,condition.build,premium,1638.01,1638.01,high,low,9,porkbun,,,29/09/2026 10:38
ac94b255-8389-42d6-bebe-2bc1b13ce958,spacy.build,available,32.98,39.98,high,medium,5,namecheap,,,10/09/2026 15:05
c814ac16-f09b-4abe-9f95-81c614f16fc0,coating.build,premium,517.7,517.7,high,low,7,spaceship,,,30/09/2026 01:04
ad012791-03f5-4a1d-abbe-13a579e0aa12,pines.build,available,26.97,26.97,medium,low,5,dynadot,,,30/09/2026 07:04
005c401a-8dbc-4e0c-ac54-02d96e9dd980,aeolia.build,available,32.98,39.98,low,low,6,namecheap,,,17/09/2026 12:34
9385b619-f40d-4df8-9513-1fcfde6e6d6e,totals.build,available,32.98,39.98,medium,low,6,namecheap,,,20/09/2026 12:03
c1240996-7242-49b1-9643-afe4d18c72e4,bivouac.build,available,32.98,39.98,medium,low,7,namecheap,,,11/08/2026 15:54
62bc61a8-5d72-4878-acc4-dfaba13f8e1b,wolves.build,available,26,26,medium,low,6,spaceship,,,28/09/2026 04:21
4deed5f9-9b18-4fea-b7a7-c34fd89af885,sung.build,available,32.98,39.98,high,low,4,namecheap,,,29/09/2026 08:04
d8b051f9-48ad-4dc1-a3d3-8c40490bdf79,categorial.build,available,32.98,39.98,medium,low,10,namecheap,,,11/08/2026 21:27
06bbfa3b-0aa9-4a43-8592-1252dfd744db,elevator.build,premium,3900,3900,high,low,8,namecheap,,,25/09/2026 05:22
5d76dca0-8841-4935-931c-7dce101d4ca8,norfolk.build,premium,1552.7,1552.7,high,low,7,spaceship,,,30/09/2026 05:50
6bb215d1-0872-4a29-b55c-eccaeace38f6,untreated.build,available,32.98,39.98,medium,low,9,namecheap,,,12/09/2026 21:44
5bceab8d-a6e1-48a8-aa31-041d3a26a29d,partnership.build,premium,1552.7,1552.7,high,low,11,spaceship,,,28/09/2026 04:23
acd59527-1108-4a89-be09-3e9f88328721,regressive.build,available,32.98,39.98,high,medium,10,namecheap,,,09/09/2026 12:59
5cc890a8-69f1-46ff-942f-83e726c48c30,groggy.build,available,32.98,39.98,medium,low,6,namecheap,,,18/08/2026 09:53
b9b113aa-7922-4506-b9ff-d4f594062080,fools.build,available,32.98,39.98,medium,low,5,namecheap,,,27/09/2026 23:44
8737c80a-1b50-4643-aee0-93be24c467ef,qing.build,available,25.2,25.2,medium,low,4,cloudflare,,,27/09/2026 12:26
50d010d3-46d2-4564-aee2-c0e17ac20cc0,perforation.build,available,39.98,,medium,low,11,namecheap,,,
0b134995-fe7e-4c7e-b6f2-c8277540376e,markoff.build,available,32.98,39.98,medium,low,7,namecheap,,,19/09/2026 04:18
bbbb7feb-4fb2-4053-8461-a4a861b11cb2,battling.build,available,26,26,high,low,8,spaceship,,,29/09/2026 09:02
7eaf17bc-46d5-4531-8848-8fffa0c24a2d,alkeran.build,available,32.98,39.98,medium,low,7,namecheap,,,18/09/2026 08:31
0de1f30c-11c8-4715-8722-e4f66dc0a7c5,tubing.build,available,32.98,39.98,high,low,6,namecheap,,,01/10/2026 04:04
91c986c0-56b8-4500-8bfb-9a351db154ed,hurtful.build,available,32.98,39.98,medium,low,7,namecheap,,,14/08/2026 00:28
fc2783db-143e-4eb6-89a9-66d6f1a7037b,aquanaut.build,available,69.99,69.99,medium,low,8,name.com,,,19/09/2026 22:57
427fb338-d42a-4696-9433-85205cd17371,jas.build,premium,155.45,155.45,high,low,3,spaceship,,,30/09/2026 04:39
c118d6af-a0b0-4d40-a6d0-c445687270a3,warty.build,available,32.98,39.98,medium,low,5,namecheap,,,13/09/2026 04:24
c3fe8552-0e2a-42e2-9a2b-ea0a109ab13c,posed.build,available,32.98,39.98,high,low,5,namecheap,,,09/09/2026 00:04
858808fa-f21d-46b2-ae52-6e2a8ebc77b0,dome.build,premium,3900,3900,high,low,4,namecheap,,,29/09/2026 00:15
8e02a533-b055-465c-8f59-08f532a18c25,ven.build,premium,155.45,155.45,medium,low,3,spaceship,,,29/09/2026 16:15
bbc97ece-336c-4623-8736-7e806554924c,beneath.build,premium,1875,,medium,low,7,name.com,,,28/09/2026 12:25
dd187cf1-1c7d-4ca0-9e2a-21f091d9911a,barramundi.build,available,32.98,39.98,medium,low,10,namecheap,,,20/09/2026 14:04
5cbf12e3-72b4-448c-b8d6-3f79d3cedfc3,preparations.build,available,26,26,medium,low,12,spaceship,,,29/09/2026 05:22
21483375-09c2-4e17-a377-10885232b545,argun.build,available,32.98,39.98,medium,low,5,namecheap,,,20/09/2026 04:51
af7c9803-a85b-4682-bfc0-9a0cb23c8247,dysphoric.build,available,32.98,39.98,medium,low,9,namecheap,,,14/08/2026 22:07
f9bd2019-db7c-4d99-9413-dbe0811d987f,aces.build,premium,550,550,high,medium,4,dynadot,,,29/09/2026 08:40
dd52514d-1673-4803-bda5-3b1bd589bf1f,plate.build,premium,1552.7,1552.7,high,low,5,spaceship,,,29/09/2026 10:15
136a9701-6954-41dd-88cf-d49470bd7143,hoover.build,premium,1552.7,1552.7,high,low,6,spaceship,,,30/09/2026 17:36
789f8b3d-9439-4dd2-85c8-3e76696df7f6,hoax.build,available,25.2,25.2,high,low,4,cloudflare,,,30/09/2026 01:25
775e3c87-dc45-4820-b72b-2693a3e86b51,phage.build,available,32.98,39.98,medium,low,5,namecheap,,,21/09/2026 16:31
87d0d586-6157-4b87-8b9e-976a1231a954,homespun.build,available,32.98,39.98,high,low,8,namecheap,,,13/08/2026 04:23
6a1bf886-edd0-41df-892d-4b4fc2b78e97,kabul.build,premium,1552.7,1552.7,medium,low,5,spaceship,,,27/09/2026 12:08
06270794-d2de-413b-8b27-c83b6aff1240,genoese.build,available,32.98,39.98,high,low,7,namecheap,,,18/08/2026 21:48
1bf99fa8-5391-4daf-be9f-f64599afe7fa,quite.build,premium,1950,1950,high,low,5,namecheap,,,28/09/2026 16:35
9be21cb7-3394-4a7e-8505-759d241fcd8a,semiliquid.build,available,32.98,39.98,high,low,10,namecheap,,,10/09/2026 03:07
d80490ae-b2f6-4240-883f-1bf6a8a4b556,branson.build,available,25.2,25.2,high,low,7,cloudflare,,,29/09/2026 17:54
cb6ffb78-7190-4aad-9836-42b75faa3d74,poached.build,available,32.98,39.98,medium,low,7,namecheap,,,10/08/2026 17:34
b3e9c7e1-35d2-4d1b-9f34-19cf733cd30a,calico.build,premium,3750,3750,high,low,6,name.com,,,11/08/2026 14:19
d8f4ddfc-6c95-499f-b8df-fb67e0bf7396,click.build,premium,1950,1950,high,medium,5,namecheap,,,24/09/2026 13:54
b0c11054-b742-4dd2-a880-f933a7ba0126,pestering.build,available,32.98,39.98,medium,low,9,namecheap,,,
c052f46b-030b-4f46-935a-844acbf17a88,owe.build,premium,187.5,,high,low,3,name.com,,,30/09/2026 21:17
da669d24-f733-4dc6-9fc0-a1b5d75c753f,tufted.build,available,32.98,39.98,medium,low,6,namecheap,,,11/08/2026 13:14
45b4fc23-2a6d-40c0-a887-51b897baea5a,antioxidant.build,available,25.2,25.2,high,low,11,cloudflare,,,01/10/2026 08:00
ab5a93fd-cce1-4cf5-8019-e2e0e623917a,salaries.build,available,26,26,medium,low,8,spaceship,,,30/09/2026 07:09
fbc3e8d0-8209-4993-9c8c-b894750a75b0,sandstone.build,resell,,,high,low,9,,,,01/10/2026 03:35
9982e0e1-8f4b-49b5-9a79-cd4f6897c5d5,desperation.build,available,25.2,25.2,medium,low,11,cloudflare,,,29/09/2026 15:57
73ace9fb-5e89-46be-b7e1-aa392693ee5e,bijou.build,available,32.98,39.98,high,low,5,namecheap,,,23/09/2026 15:32
10d39bb8-b0c3-4419-a3ae-5f0fe6e8ba92,gaslit.build,available,32.98,39.98,medium,low,6,namecheap,,,17/09/2026 16:25
91716478-4b87-456a-a34e-a52a5c12200a,balanchine.build,available,32.98,39.98,medium,low,10,namecheap,,,21/09/2026 20:54
da3be641-c53f-44f2-9fad-b3a3b3c267be,syllable.build,available,25.2,25.2,high,low,8,cloudflare,,,29/09/2026 20:27
9105c9f1-fa3c-4c9f-afbe-21fb57fde40f,catawba.build,available,25.2,25.2,high,low,7,cloudflare,,,30/09/2026 08:59
76e50c3a-fd4b-453b-9d4e-416ab38c0045,champion.build,premium,104,104,high,low,8,namecheap,,,21/09/2026 17:32
bc6e05f9-5cf1-4156-bf78-c70bba63a595,exulting.build,available,32.98,39.98,high,low,8,namecheap,,,17/08/2026 19:44
ba1ff5ec-5ded-4735-addb-cf332187cd5a,jingly.build,available,32.98,39.98,medium,low,6,namecheap,,,22/08/2026 13:29
1d3e372d-44a1-4538-9852-ccbdb5268613,baluchi.build,available,32.98,39.98,medium,low,7,namecheap,,,21/09/2026 23:42
ecbc168e-e5d0-4a31-bb22-ddec638abc52,longhand.build,available,32.98,39.98,high,low,8,namecheap,,,13/08/2026 11:38
8a5f2e6b-1164-4fdb-9bb9-436da5c20487,daughter.build,premium,1950,1950,high,low,8,namecheap,,,29/09/2026 13:15
f3b89850-9ad0-4b6d-b761-56ec46a8852b,adobe.build,premium,625,,high,high,5,name.com,,,28/09/2026 18:52
1c02e9aa-11b3-43b7-8c83-3997ac504508,backside.build,available,32.98,39.98,medium,low,8,namecheap,,,09/08/2026 10:44
de390d74-b290-4e3a-9e1a-7740aa6043b3,laying.build,available,32.98,39.98,high,low,6,namecheap,,,25/09/2026 22:34
900660f1-28d0-484c-a689-240a56201a24,spacing.build,available,26,26,high,low,7,spaceship,,,30/09/2026 18:47
00d77a7a-6e9e-4206-a6c6-770e28e85b25,savory.build,available,32.98,39.98,high,low,6,namecheap,,,25/08/2026 08:48
605c458f-a50a-4171-9c1c-6395e2fa99b4,saltish.build,available,32.98,39.98,high,medium,7,namecheap,,,09/09/2026 20:57
f6122e78-c06d-47cb-aa9f-d6ba01e6bd5e,banca.build,available,26.26,26.26,high,low,5,porkbun,,,01/10/2026 04:38
25d9284c-75a8-4771-825c-ecc86395475c,subway.build,premium,625,625,high,low,6,name.com,,,25/09/2026 23:41
0b63ae97-3bd6-43b4-b836-8d827d0530c6,moan.build,available,25.2,25.2,high,low,4,cloudflare,,,01/10/2026 19:52
e6efa709-63e8-49d6-ba0c-c60a755b9821,multinational.build,available,26,26,medium,low,13,spaceship,,,01/10/2026 05:37
d9e343e1-bc2a-40ee-b4aa-495cbdb3c971,barberry.build,available,32.98,39.98,medium,low,8,namecheap,,,22/09/2026 04:51
5cdc6b49-e034-43f0-8300-09d01612053d,illegally.build,available,32.98,39.98,medium,low,9,namecheap,,,15/09/2026 01:44
055c3fe1-81fb-41ae-b2cc-960618929d78,fruiting.build,available,32.98,39.98,medium,low,8,namecheap,,,18/08/2026 17:04
f6962dda-d7e4-4900-9b51-2d311e04dac1,celery.build,available,32.98,39.98,high,low,6,namecheap,,,19/09/2026 17:33
99b3daf6-7d4e-4c98-b60a-fe4265c21322,yoshida.build,available,26,26,high,low,7,spaceship,,,29/09/2026 11:11
fc0f17a6-e576-4700-8113-c6ac477369c2,installation.build,premium,1552.7,1552.7,high,low,12,spaceship,,,29/09/2026 04:43
21027801-0906-4850-af31-1a1a9c26a730,arum.build,available,32.98,39.98,medium,low,4,namecheap,,,06/08/2026 20:20
51db4e80-4cad-466b-bb1e-9be6d30f4af7,suburb.build,available,25.2,25.2,high,low,6,cloudflare,,,30/09/2026 02:59
4d071ab8-4160-486e-9d3c-2862942a88db,priorities.build,available,26,26,medium,low,10,spaceship,,,28/09/2026 17:39
eb29b1e6-6cb9-4c54-aff4-f476cb05e593,babe.build,available,26,26,high,low,4,spaceship,,,29/09/2026 00:05
2b09d2ed-23a8-4c63-b59b-918cee1c9d78,bradstreet.build,available,32.98,39.98,medium,low,10,namecheap,,,19/09/2026 10:16
dc602874-247c-40b3-8430-2bfd29527f59,rhianna.build,available,39.98,,high,low,7,namecheap,,,
a0b3b391-28fb-4cac-a2dc-280652686a92,molly.build,premium,517.7,517.7,high,low,5,spaceship,,,28/09/2026 14:53
b7178440-50cb-40d7-9b5a-3533611b29b2,perce.build,available,32.98,39.98,medium,low,5,namecheap,,,30/09/2026 12:29
c00e59de-981c-4050-947c-9d2fb9c45596,comment.build,available,32.98,39.98,high,low,7,namecheap,,,24/09/2026 16:29
ff26c27f-84ac-4607-a275-dfdc1d9d3ead,amanita.build,available,32.98,39.98,medium,low,7,namecheap,,,18/09/2026 15:43
3fb865ce-e9ad-43f0-a782-034bf2974099,mastercard.build,available,39.98,,high,medium,10,namecheap,,,
14c10c34-3598-4703-b00c-ec61d277ca37,xxxiii.build,available,32.98,39.98,medium,low,6,namecheap,,,
23ac7127-7864-4dae-98fc-ae1fb76c1312,connors.build,available,26,26,medium,low,7,spaceship,,,29/09/2026 06:24
6ed808eb-98f2-438f-bd40-e1762bee5309,awkwardly.build,available,32.98,39.98,medium,low,9,namecheap,,,13/09/2026 22:55
3c33b782-deee-47d5-90d4-be9eadc67bec,fitting.build,premium,625,625,high,low,7,name.com,,,18/08/2026 05:50
1be50786-134a-4037-b71a-bb9d26c3cf8e,rbc.build,premium,155.45,155.45,high,medium,3,spaceship,,,30/09/2026 01:33
c98d1ace-f37a-4fdf-ad16-80dcba582000,encased.build,available,32.98,39.98,medium,low,7,namecheap,,,11/08/2026 20:06
e792f00c-b033-4a03-bd67-bcfeac904265,protesting.build,available,26,26,high,low,10,spaceship,,,29/09/2026 08:58
f6c18d86-e225-45b9-be1e-e85641fe65a4,infantile.build,available,32.98,39.98,medium,low,9,namecheap,,,12/08/2026 05:04
0a972def-d7c2-4eb6-8218-395b62cbd3d9,advising.build,available,32.98,39.98,high,low,8,namecheap,,,29/09/2026 20:50
e017261a-835d-42bd-8b1d-ee3dadcf41bc,gatherings.build,available,32.98,39.98,low,low,10,namecheap,,,01/10/2026 18:25
23ea894b-d9b8-4e05-a53d-78e67390293d,chillicothe.build,available,25.2,25.2,medium,low,11,cloudflare,,,01/10/2026 12:11
8abb2249-a7f6-4318-b407-f5913718d762,somber.build,available,32.98,39.98,medium,low,6,namecheap,,,10/09/2026 14:00
0df41277-e502-46cf-8cd7-51f815f36cdc,brookhaven.build,premium,,,medium,low,10,,,,29/09/2026 15:45
8428ab7c-7317-4929-8782-29679ee3638d,lil.build,premium,195,195,high,low,3,namecheap,,,27/09/2026 06:06
9e380563-470f-40f9-886f-339a26384f30,leigh.build,available,32.98,39.98,high,low,5,namecheap,,,25/09/2026 08:55
410679c0-000b-455e-8952-9627e8e980c1,grinning.build,available,26,26,high,low,8,spaceship,,,27/09/2026 23:14
4f89a576-c6bd-4fbc-8932-650ea0143f48,nyc.build,premium,3750,,high,medium,3,name.com,,,
199e3e00-e2ef-4984-8d00-3e7c6e946d35,intermission.build,available,26.26,26.26,high,low,12,porkbun,,,01/10/2026 22:19
90a1f509-0c31-406d-9a4d-86611904ac63,toxic.build,premium,1950,1950,medium,low,5,namecheap,,,28/09/2026 09:26
9750998c-ec1d-4e5b-a8f2-960a609d59eb,utes.build,available,26,26,medium,low,4,spaceship,,,30/09/2026 07:10
14a4d44d-005e-4241-83bd-a51809c95b54,oleg.build,available,26,26,high,low,4,spaceship,,,29/09/2026 17:51
38da905d-d07d-44ea-a673-95bf04ca9ad7,philippa.build,available,25.2,25.2,high,low,8,cloudflare,,,01/10/2026 08:16
d083f9c3-8226-4f2e-ac7a-958f4981ab69,darkness.build,premium,1875,1875,high,low,8,name.com,,,13/08/2026 17:53
30078281-b571-42aa-8ea9-2a5e4c5cb917,altruistic.build,available,32.98,39.98,high,low,10,namecheap,,,22/09/2026 02:48
a6cb9a01-da64-470f-a2d1-af22c6996dea,throwing.build,available,32.98,39.98,high,low,8,namecheap,,,27/09/2026 08:46
3be4e510-0089-459e-8846-74883f6a2966,prizes.build,available,32.98,39.98,medium,low,6,namecheap,,,20/09/2026 04:19
b373c0fe-8d68-4d27-917b-6459cfecd15d,servant.build,available,32.98,39.98,high,low,7,namecheap,,,25/09/2026 06:52
04bab274-046e-49eb-b247-0b52c47edc02,philia.build,available,32.98,39.98,high,low,6,namecheap,,,17/09/2026 14:21
425faa45-a0b8-401b-9d8b-c82c64b5741d,rarely.build,premium,1875,1875,medium,low,6,name.com,,,15/09/2026 22:32
986b7b1c-0df9-421c-9aef-49b6da5fc109,substantially.build,premium,1552.7,1552.7,medium,low,13,spaceship,,,29/09/2026 21:22
53065492-585a-4c37-abfe-d0ce8d9b8f07,clastic.build,available,32.98,39.98,medium,low,7,namecheap,,,12/08/2026 09:56
bfe9a800-003a-4d5f-862f-4211107484c7,steven.build,available,32.98,39.98,high,low,6,namecheap,,,25/09/2026 12:12
6157d011-c7ff-480c-9e99-a981a1ca1783,really.build,premium,1950,1950,high,low,6,namecheap,,,27/09/2026 09:55
9d758741-9acf-4347-b860-9ba5a178af51,rolling.build,premium,325,325,high,low,7,namecheap,,,19/09/2026 06:51
6c69b45c-41f4-408c-a6d8-6412a49ab943,premarital.build,available,32.98,39.98,high,low,10,namecheap,,,22/09/2026 06:09
0f33fc37-c307-4050-838c-9c1f5024c13a,umpteen.build,available,32.98,39.98,medium,low,7,namecheap,,,11/09/2026 23:06
b1aea308-2cc5-4b91-ac8f-fb05beb0fe80,stairs.build,premium,1875,,high,low,6,name.com,,,30/09/2026 11:47
e86c7128-0411-4ec6-8233-070cba7646ba,arc.build,available,,,high,medium,3,,,,
4bc4c7ac-a5b4-45a6-b1e9-7f36337cac57,sculptured.build,available,32.98,39.98,high,low,10,namecheap,,,20/08/2026 18:52
e7c91e38-8610-40ee-a7e6-f4417feea946,xviii.build,available,32.98,39.98,medium,low,5,namecheap,,,21/09/2026 12:00
84807cf1-a9bc-4589-8a87-601568fdaccc,escort.build,premium,1950,1950,high,low,6,namecheap,,,24/09/2026 06:34
d770e509-5973-4025-8f79-0d3fdd3e389b,scenarios.build,available,25.2,25.2,medium,low,9,cloudflare,,,29/09/2026 17:21
93e54d1d-541e-4f71-a24b-b2734b70f5ce,mankind.build,available,49.99,49.99,high,low,7,godaddy,,,28/09/2026 02:08
78b48ef0-57ec-4c5c-9da0-28495c690dca,addendum.build,available,32.98,39.98,medium,low,8,namecheap,,,17/09/2026 06:41
73d38535-8f94-4cdd-9e22-2626fb1fe22a,trials.build,available,32.98,39.98,medium,low,6,namecheap,,,18/09/2026 17:43
63f65090-4e83-47b8-a319-2c40175e4d91,bowfin.build,available,32.98,39.98,medium,low,6,namecheap,,,18/09/2026 21:19
5a9d2e56-4d06-4324-a036-5fd1bd053354,bewitch.build,available,32.98,39.98,high,low,7,namecheap,,,21/08/2026 07:41
b5d5836f-73c0-4853-9f06-bc0f5c8174fa,exaggeration.build,available,26.26,26.26,medium,low,12,porkbun,,,02/10/2026 01:28
96e0aa86-fae9-4a43-bfe4-607779cec507,commonsense.build,available,39.98,,high,low,12,namecheap,,,
2529bb5b-4e22-4af8-a63b-791b4cb8049c,trigon.build,available,32.98,39.98,high,low,6,namecheap,,,11/09/2026 19:46
7d49f891-002a-4e8e-85ee-666950f9767b,politely.build,available,26,26,medium,low,8,spaceship,,,28/09/2026 14:24
28102f7c-8797-47d8-b4bc-2a367d83c62a,aditi.build,available,32.98,39.98,medium,low,5,namecheap,,,17/09/2026 08:22
58632a21-3057-43cc-b728-7cd764bec418,volts.build,available,32.98,39.98,high,low,5,namecheap,,,02/10/2026 03:43
6c9a56ca-82ba-4991-b855-5001b2784bda,deflated.build,available,32.98,39.98,medium,low,8,namecheap,,,12/08/2026 02:17
1f921300-e488-4995-a00e-fba5d96abd5b,apologetic.build,available,32.98,39.98,medium,low,10,namecheap,,,06/08/2026 02:07
1e50642d-d35f-4ce1-9300-b2ebb4bf23e2,weapon.build,premium,1950,1950,high,low,6,namecheap,,,25/09/2026 10:57
8da9faf9-ae26-42c5-951a-b087e5f07745,cyrillic.build,available,69.99,69.99,medium,low,8,name.com,,,13/08/2026 14:33
c2f283d6-db08-4c37-86bc-9fb50034094a,playfully.build,available,32.98,39.98,high,low,9,namecheap,,,15/09/2026 20:25
25df9276-7167-48c2-8fdf-58c238a782a6,discarded.build,available,32.98,39.98,medium,low,9,namecheap,,,11/08/2026 20:21
43b402fe-2f17-42c1-9d4d-fa63a5c6c279,truthful.build,available,32.98,39.98,high,low,8,namecheap,,,11/09/2026 20:51
0b0272b3-7490-4d7b-ade2-40bbb68e9e09,wellness.build,available,25.2,25.2,high,medium,8,cloudflare,,,01/10/2026 18:55
d7c4830f-26fe-47af-a1db-27194e3da69c,jobless.build,available,32.98,39.98,medium,low,7,namecheap,,,22/08/2026 13:32
95b672bf-9710-4283-8ae2-0a3470ab046c,zion.build,premium,51.95,51.95,high,low,4,spaceship,,,29/09/2026 19:24
fee364ff-9683-47dc-8050-e2e1fbc9688b,aunty.build,available,69.99,69.99,high,low,5,name.com,,,21/09/2026 04:13
6d170f0c-f23f-4c56-8440-ee5d8d2915fd,sapiential.build,available,32.98,39.98,high,medium,10,namecheap,,,09/09/2026 21:20
220b0dde-41b4-409a-b111-3edc340b6493,belarusian.build,premium,187.5,187.5,medium,low,10,name.com,,,09/08/2026 12:32
b4cbbbea-e942-4dc6-9727-d4b5caddbcda,asdic.build,available,32.98,39.98,medium,low,5,namecheap,,,20/09/2026 13:30
20ed1a41-c740-490b-90be-80e62904752d,blether.build,available,32.98,39.98,medium,low,7,namecheap,,,24/09/2026 04:49
78a9b19b-8be2-4e61-8ffb-cbc190ef8b40,prickly.build,available,32.98,39.98,medium,low,7,namecheap,,,08/08/2026 17:34
2739621c-0e60-4bee-a083-14a4efb3d88d,henpecked.build,available,32.98,39.98,medium,low,9,namecheap,,,21/08/2026 06:42
964cd3d6-8e87-41a6-ba3d-b55d394c926a,chapel.build,premium,,,high,low,6,,,,28/09/2026 01:39
f08dc06d-5e24-4c82-9891-c49c102e82d3,notice.build,premium,1950,1950,high,low,6,namecheap,,,24/09/2026 16:29
4b327d60-f066-4e9b-8870-2cdc2844aa40,macleish.build,available,32.98,39.98,medium,low,8,namecheap,,,20/09/2026 02:03
76849b75-9a04-42d3-9aa7-bfc1120d2696,mini.build,premium,650,650,high,high,4,namecheap,,,25/09/2026 20:20
d2047973-7b93-4303-ac6a-8e9971574bb2,remedial.build,available,32.98,39.98,high,low,8,namecheap,,,22/09/2026 02:24
5e5f107d-a08a-4754-a1f4-9aa1537b8abb,asu.build,premium,195,195,high,low,3,namecheap,,,02/10/2026 00:04
1819388c-1616-4cb0-925d-c76b42192d3e,ambages.build,available,32.98,39.98,medium,low,7,namecheap,,,18/09/2026 16:24
eaeee13f-e719-464d-9a63-35a2492eac6e,sprouted.build,available,32.98,39.98,medium,low,8,namecheap,,,10/09/2026 16:55
400a744c-6946-4879-90b2-ddb8f5b7dd3c,irkutsk.build,available,26,26,medium,low,7,spaceship,,,01/10/2026 09:48
00e4c788-1776-4c72-964b-9a33a9e99764,revocation.build,available,32.98,39.98,medium,low,10,namecheap,,,19/09/2026 11:02
75819863-67de-455c-9ca3-58d61727cdd0,permit.build,premium,1872.76,1872.76,high,low,6,name.com,,,24/09/2026 18:39
5fbf0f0a-455d-4be0-89bf-8f53e5ebb269,hebei.build,premium,,,high,low,5,,,,30/09/2026 01:51
e68f76e0-b6e2-4e75-902f-7b5cf32e93d4,fidgety.build,available,32.98,39.98,medium,low,7,namecheap,,,05/08/2026 20:32
396c1aa9-daaf-48ba-bd41-f9f4316e5015,fled.build,available,26,26,low,low,4,spaceship,,,28/09/2026 12:32
ad3bbfbd-8309-42d0-8f04-abd3f28b0996,ozarks.build,premium,1950,1950,medium,low,6,namecheap,,,01/10/2026 03:12
7883e92b-e9cf-460f-b00e-6888bc396296,chanting.build,available,26.97,26.97,high,low,8,dynadot,,,28/09/2026 18:40
063dbb0d-de36-4688-9ac9-787dbe62e9ca,monkey.build,premium,1552.7,1552.7,high,medium,6,spaceship,,,30/09/2026 05:09
b743d8e0-47eb-451a-a861-d497ae359f3a,admits.build,available,26,26,medium,low,6,spaceship,,,29/09/2026 10:40
1e19a4f7-e06f-4536-a105-a7baf5fa3a0d,burping.build,available,32.98,39.98,medium,low,7,namecheap,,,23/09/2026 04:38
ab1cedf4-327f-450a-9593-d57b8ef8d055,trapped.build,available,32.98,39.98,medium,low,7,namecheap,,,07/08/2026 11:08
280fbf8e-fe1f-4e74-ad12-b4d995060314,turned.build,available,26,26,medium,low,6,spaceship,,,28/09/2026 09:34
f52331c7-cdf1-4417-a39a-e114098ac4fb,astounding.build,available,32.98,39.98,high,low,10,namecheap,,,22/09/2026 10:29
9fe3d8b3-79ec-4118-871a-845c4c5531bb,truer.build,available,32.98,39.98,medium,low,5,namecheap,,,20/09/2026 05:56
029a9652-b583-48dd-9de2-6fe222abde53,wine.build,premium,1875,,high,medium,4,name.com,,,30/09/2026 14:29
bc7bd6cc-b44a-4eba-8e28-1778e432b655,craftsmanship.build,available,26,26,high,low,13,spaceship,,,01/10/2026 16:14
6fbcec04-65ec-416d-b3cd-ff8c4f7dcaf8,tolerable.build,available,32.98,39.98,medium,low,9,namecheap,,,24/09/2026 16:18
f861635c-2c85-4d47-98fd-ea52a4a5a87f,muscles.build,premium,1552.7,1552.7,medium,low,7,spaceship,,,27/09/2026 21:29
438b1a02-2390-4922-839d-474910fce231,emphasise.build,available,32.98,39.98,high,low,9,namecheap,,,16/09/2026 21:53
35a1cfd5-9682-4720-b819-67ab1d8ad733,khyber.build,available,26.26,26.26,medium,low,6,porkbun,,,01/10/2026 04:47
e856523f-b903-405f-b975-129da899b3bd,executable.build,available,32.98,39.98,high,low,10,namecheap,,,17/08/2026 16:50
d05ff0f2-88df-4d3c-b78c-4020cbc5df45,substitute.build,available,32.98,39.98,high,low,10,namecheap,,,22/09/2026 02:40
1c077c9f-848c-40f9-90c7-433c1df346b6,spidery.build,available,32.98,39.98,medium,low,7,namecheap,,,06/08/2026 11:46
ffd38482-14e1-427e-95c3-bbc74680f079,arioso.build,available,32.98,39.98,medium,low,6,namecheap,,,20/09/2026 05:35
ca8461e2-a646-47a5-83b9-1948883a133b,trouble.build,premium,1950,1950,high,low,7,namecheap,,,24/09/2026 07:29
68dedda9-6107-4f46-a749-027a8094b0ef,janis.build,available,25.2,25.2,high,low,5,cloudflare,,,29/09/2026 09:40
32ccb5f3-02ed-4714-b30d-e44a9c296740,acronymous.build,available,32.98,39.98,medium,low,10,namecheap,,,
ff229d1d-84a5-4708-adb9-06640dcd8d37,stoker.build,available,32.98,39.98,medium,low,6,namecheap,,,16/09/2026 16:53
3a0435ed-855a-4340-b0d2-977e6894b7c3,attendee.build,available,32.98,39.98,high,low,8,namecheap,,,21/09/2026 01:26
43d33293-bd67-405d-8ca0-772ab43c582f,sprucely.build,available,32.98,39.98,medium,low,8,namecheap,,,15/09/2026 15:17
b16444bc-d351-4471-a050-8fd630a8351e,dodge.build,premium,,,high,low,5,,,,28/09/2026 01:47
e0340ba0-f098-492b-9d5f-e692291fb940,pearl.build,premium,650,650,high,low,5,namecheap,,,04/09/2026 01:21
74557f75-2180-406f-ab26-3e5a311152de,herkimer.build,available,32.98,39.98,medium,low,8,namecheap,,,01/10/2026 10:24
9a7db41c-a775-4b13-82ce-b48432a126d4,culpable.build,available,32.98,39.98,medium,low,8,namecheap,,,10/08/2026 12:34
1fa0c61c-9736-4559-82fc-750d14c2280c,anticipant.build,available,32.98,39.98,medium,low,10,namecheap,,,
d3b1ac5e-893b-477f-bd12-9542cae54fca,place.build,premium,650,650,high,low,5,namecheap,,,24/09/2026 23:57
c77242a6-9064-40f0-a7e5-a3ee11758756,csf.build,premium,155.45,155.45,medium,low,3,spaceship,,,29/09/2026 06:05
ffe32f4c-b045-4ba4-8677-43e45eaf8186,ours.build,premium,,,high,low,4,,,,28/09/2026 04:28
7115b19b-04ab-4ac9-82b4-238a32c4fade,sinusoidal.build,available,32.98,39.98,high,low,10,namecheap,,,10/09/2026 08:42
7b9891de-7579-4028-a136-bb7b62931ece,fms.build,premium,164.27,164.27,high,low,3,porkbun,,,30/09/2026 13:03
37a25be5-f63d-4e27-b756-3bea9a574067,revised.build,available,32.98,39.98,high,low,7,namecheap,,,27/09/2026 14:32
c84e73db-5a6f-43c1-a81b-819835a7d9fe,undefeated.build,available,32.98,39.98,high,low,10,namecheap,,,12/09/2026 07:12
e5319a70-4742-4697-a681-2e4f11f5286a,piscatory.build,available,32.98,39.98,high,medium,9,namecheap,,,08/09/2026 19:59
0c85fd12-10bc-4b91-8ad1-148092964ea1,making.build,available,26,26,high,low,6,spaceship,,,29/09/2026 14:44
b607bd22-c024-4123-bef2-4d8c3fa05357,forbidding.build,available,32.98,39.98,medium,low,10,namecheap,,,18/08/2026 11:08
64a5cd6a-6a18-4e0f-a602-5cdea5123856,awn.build,premium,195,195,high,low,3,namecheap,,,21/09/2026 10:11
18552ead-956a-4490-8f60-d82cc201ad7f,fumed.build,available,32.98,39.98,medium,low,5,namecheap,,,18/08/2026 18:20
387a2196-cfd0-4700-93a5-aabfd3f25953,onions.build,available,39.98,,high,low,6,namecheap,,,
05abb74d-9381-40ec-8bc4-1ea07e570858,caustic.build,available,32.98,39.98,medium,low,7,namecheap,,,
c4801052-1735-421f-b136-44a997100045,sterilizer.build,available,32.98,39.98,medium,low,10,namecheap,,,21/09/2026 06:04
c987609c-4944-40dd-a8d4-7678fdb71eae,pertinence.build,available,32.98,39.98,medium,low,10,namecheap,,,19/09/2026 21:52
06098f67-a561-490d-bd0a-1f667b64e115,criticize.build,available,26,26,high,low,9,spaceship,,,30/09/2026 18:07
cbf27cd8-430d-4119-a095-87ed81dd22e8,aglaia.build,available,32.98,39.98,medium,low,6,namecheap,,,17/09/2026 18:17
26609d50-c4ba-4c8f-b8a0-c4266d69c110,meth.build,available,32.98,39.98,high,low,4,namecheap,,,24/09/2026 21:56
abe7ca15-ea09-4672-a328-9a4b20fbdb8c,oft.build,premium,195,195,high,low,3,namecheap,,,14/09/2026 20:06
c96c4711-a5d6-45cb-8100-22d33244c6c2,golfer.build,available,26.97,26.97,high,low,6,dynadot,,,30/09/2026 17:30
02382ff8-8cc3-40dc-a3bb-8972ed8d61e9,videos.build,premium,1950,1950,medium,low,6,namecheap,,,30/09/2026 13:36
6a1fd8d9-b95c-4d77-b020-fe511679b31d,bankbook.build,available,32.98,39.98,medium,low,8,namecheap,,,22/09/2026 02:44
78909b0e-f7a8-4f65-a0ca-cc0ece7deb9d,ellington.build,premium,517.7,517.7,medium,low,9,spaceship,,,28/09/2026 09:32
a807377f-6a59-4c82-9ad3-79789c14bf9b,adoringly.build,available,32.98,39.98,medium,low,9,namecheap,,,13/09/2026 17:23
a25a4184-aee0-4c22-a545-3f9a96fdab7d,wonky.build,available,32.98,39.98,medium,low,5,namecheap,,,07/08/2026 03:46
9a3cea51-c382-4c51-8517-e59f90b3a27b,happening.build,available,32.98,39.98,high,low,9,namecheap,,,25/09/2026 23:54
b4c66171-1b58-4806-b9c4-5e1d038565ee,stocked.build,available,32.98,39.98,medium,low,7,namecheap,,,10/09/2026 20:54
5b8de653-4d13-4c25-8983-4b0b4dd035ac,adjourned.build,available,32.98,39.98,medium,low,9,namecheap,,,29/09/2026 08:57
373d6ede-2d5d-4f18-b362-002f7995dddf,permanently.build,available,26,26,medium,low,11,spaceship,,,28/09/2026 07:19
9883f135-0983-48ee-8104-22e610aa3cfa,tango.build,premium,517.7,517.7,high,low,5,spaceship,,,29/09/2026 02:17
eda682a9-6867-4da9-951c-770aa9deb17d,reputably.build,available,32.98,39.98,medium,low,9,namecheap,,,15/09/2026 23:17
6874b1d2-f859-4d19-8a38-cf372560cadb,nullify.build,available,32.98,39.98,high,low,7,namecheap,,,13/09/2026 06:46
da67fc8e-5d0a-40e7-a6d6-a54d4a00c94c,different.build,premium,1950,1950,high,low,9,namecheap,,,24/09/2026 08:12
b3e4e83a-e8e5-4a8b-9dff-6da650b7f787,baedeker.build,available,32.98,39.98,medium,low,8,namecheap,,,21/09/2026 17:22
c29f723b-bc7a-49d5-8477-58ce58cc89df,rhenish.build,available,32.98,39.98,medium,low,7,namecheap,,,09/09/2026 16:29
08d11575-b257-4f70-9287-2472e8fc4d74,katrina.build,available,26,26,high,low,7,spaceship,,,29/09/2026 09:26
c9f6b24d-a9fb-4c61-892b-4ded69bcc261,dialectic.build,available,32.98,39.98,high,low,9,namecheap,,,14/08/2026 05:50
ff7ac303-e96d-4cb7-8e61-0b3c177d60f1,igor.build,available,26,26,high,low,4,spaceship,,,28/09/2026 03:33
ce041e14-103e-4c3d-b7d1-c2cd69c1110a,ubiquitous.build,available,32.98,39.98,high,low,10,namecheap,,,04/09/2026 13:54
dacb514b-034e-46ab-b780-0b5e2bf09462,crossways.build,available,32.98,39.98,medium,low,9,namecheap,,,14/09/2026 09:48
615b1177-177b-4e06-b28f-ced0e6f6a1ef,poem.build,premium,1950,1950,high,low,4,namecheap,,,25/09/2026 09:59
c1f1ca11-d581-4cbd-974c-48fae0d07dce,superable.build,available,32.98,39.98,medium,low,9,namecheap,,,11/09/2026 02:14
b14a4d2b-be33-49f0-9953-b76ebfc6a128,nih.build,premium,195,195,high,low,3,namecheap,,,28/09/2026 02:28
997ac94d-608b-4797-b62a-61c1c6f5ca82,jesus.build,premium,1950,1950,high,medium,5,namecheap,,,29/09/2026 09:01
bd138b88-6992-4cb2-a912-5d21c51f7050,confident.build,premium,1950,1950,high,low,9,namecheap,,,23/09/2026 19:37
94c97d27-5cce-4415-804c-c2baf2c66c2b,infatuated.build,available,32.98,39.98,high,low,10,namecheap,,,16/08/2026 21:11
dbc95d1d-f078-4731-9ce6-5035f85c8bf3,hereafter.build,available,32.98,39.98,high,low,9,namecheap,,,18/08/2026 19:10
42cb7ef8-bd6b-4777-9fd4-a0ed47b91eba,actaea.build,available,32.98,39.98,medium,low,6,namecheap,,,17/09/2026 04:11
fac28fc2-fdee-4764-953a-6843bc6b0538,missed.build,available,32.98,39.98,medium,low,6,namecheap,,,25/08/2026 01:45
753e7bf9-c772-4aa2-9931-17554e377df1,orders.build,available,32.98,39.98,high,low,6,namecheap,,,18/09/2026 14:04
c1e41be1-fa11-487d-a845-5ee13672b82b,aftertaste.build,available,32.98,39.98,high,low,10,namecheap,,,17/09/2026 15:52
5f60bf33-981a-402f-aebe-15929c0eafd5,refused.build,available,32.98,39.98,medium,low,7,namecheap,,,18/09/2026 13:40
46fd4ed6-2f20-49b0-8524-97b1ebf1503e,saturdays.build,available,26,26,medium,low,9,spaceship,,,29/09/2026 15:55
af1dea4e-e15f-4602-9c5e-a16c167b604d,gown.build,available,25.2,25.2,high,low,4,cloudflare,,,28/09/2026 05:51
800bf52d-9e2f-4862-b64e-fcbc69f346f7,luggage.build,available,26.97,26.97,high,low,7,dynadot,,,29/09/2026 00:30
9ced886c-b9b3-4b31-9695-196572dad161,devotedly.build,available,32.98,39.98,medium,low,9,namecheap,,,14/09/2026 12:28
7ea272e1-09ba-4385-865d-6bb6a88993b4,lou.build,premium,195,195,high,low,3,namecheap,,,25/09/2026 14:56
da21997e-c02d-47a7-8f85-5513a8053bb6,yosef.build,available,26,26,medium,low,5,spaceship,,,30/09/2026 22:02
89c8aedd-ec0a-4630-ae5c-0cf2d8bdb1b1,seafaring.build,available,32.98,39.98,medium,low,9,namecheap,,,04/09/2026 00:22
ed9f13fd-b582-423f-99d3-2dd32b093977,foolishly.build,available,32.98,39.98,medium,low,9,namecheap,,,14/09/2026 19:22
6b9ccc5a-b84f-4397-804b-6b1e2340a22b,material.build,premium,550,550,high,low,8,dynadot,,,30/09/2026 23:30
197db6a8-cbd2-4a0f-85e6-53617319cc0a,amnesty.build,available,32.98,39.98,high,low,7,namecheap,,,18/09/2026 22:23
e9ec3a77-1ae2-4f17-8da8-3835eb4644d8,descendant.build,available,32.98,39.98,high,low,10,namecheap,,,14/08/2026 03:14
7034bb21-2b00-4186-834d-9dcf3a9107af,completion.build,available,25.2,25.2,high,low,10,cloudflare,,,28/09/2026 10:41
9ccd421b-87bc-43b2-bbb3-ac97565822d4,revokable.build,available,32.98,39.98,medium,low,9,namecheap,,,09/09/2026 16:23
41254736-ca99-49a4-874a-e03d7ee9278d,amberjack.build,available,32.98,39.98,medium,low,9,namecheap,,,18/09/2026 16:35
e94285b2-34ad-4c1d-9d50-b0766222830d,danes.build,available,32.98,39.98,medium,low,5,namecheap,,,30/09/2026 14:16
1de63bda-671c-4dbd-9a05-15f858d9e373,inviolable.build,available,32.98,39.98,medium,low,10,namecheap,,,21/08/2026 23:02
36b59e78-59b3-4aaa-a418-1aac8f4e0fe2,rollo.build,available,25.2,25.2,high,low,5,cloudflare,,,01/10/2026 02:38
5e150821-fb2d-4928-a127-b100de58e31a,flu.build,premium,164.27,164.27,high,low,3,porkbun,,,29/09/2026 19:35
b23cd35f-6dcd-4715-99e2-f724ded3725e,bald.build,available,32.98,39.98,medium,low,4,namecheap,,,08/08/2026 09:16
3c0e221e-0a8d-4cba-a131-82aeaf0c99f4,greeted.build,available,26.26,26.26,medium,low,7,porkbun,,,30/09/2026 06:48
985633d9-931d-4939-a19b-2654702d1ba5,autogenous.build,available,32.98,39.98,medium,low,10,namecheap,,,07/08/2026 20:16
6219827c-8c1e-478d-9029-30056041dc8e,fontaine.build,available,26.97,26.97,medium,low,8,dynadot,,,28/09/2026 12:22
26b15de3-6594-4fb4-8230-664e8ad616ec,abutter.build,available,32.98,39.98,medium,low,7,namecheap,,,16/09/2026 19:36
46a4332a-4942-42ab-91ae-7683adb0deaf,anterior.build,available,32.98,39.98,high,low,8,namecheap,,,
f2e3db8e-fe83-477c-be62-6d3c1719da1f,linking.build,available,26,26,high,low,7,spaceship,,,29/09/2026 08:52
4e2bcbab-7d74-4f5b-87e4-480164ddcf53,romaic.build,available,32.98,39.98,high,low,6,namecheap,,,09/09/2026 18:25
d96ece6e-8248-4949-a406-99e15d129154,feels.build,available,26,26,high,low,5,spaceship,,,01/10/2026 09:54
b56af4c2-e36c-4a4e-ab66-9d2004662da7,tug.build,premium,155.45,155.45,high,low,3,spaceship,,,30/09/2026 01:50
eb260b7b-51f4-45ed-a193-cfdf4c9c04bd,airlike.build,available,32.98,39.98,medium,low,7,namecheap,,,
2c088dae-2bae-4940-9bf5-e6858265ee59,smitten.build,available,32.98,39.98,high,low,7,namecheap,,,16/08/2026 21:16
753c06a0-535f-4b45-b865-be8b4a2f8cfa,bricole.build,available,32.98,39.98,medium,low,7,namecheap,,,20/09/2026 00:36
88df7023-725b-4a92-a1b8-11392a9e9b7c,approver.build,available,69.99,69.99,medium,low,8,name.com,,,19/09/2026 22:24
1d0f70b6-8518-40ef-9f97-1b27c2aa1a35,apocynum.build,available,32.98,39.98,medium,low,8,namecheap,,,19/09/2026 18:15
fa129a63-e98e-4e69-b58a-c191e3019cdc,volary.build,available,32.98,39.98,medium,low,6,namecheap,,,21/09/2026 09:24
4f1f5cc3-5f2d-49d3-a87a-4450c48dd649,caledonian.build,available,32.98,39.98,high,low,10,namecheap,,,28/09/2026 21:31
782a8e7b-9621-44c4-84a5-be461fc16acd,recalled.build,available,32.98,39.98,medium,low,8,namecheap,,,18/09/2026 02:40
0b07f5a7-ef2b-4f56-b9d7-f5e3725cc4ae,columbia.build,premium,1552.7,1552.7,high,medium,8,spaceship,,,29/09/2026 06:57
d055858d-712c-4343-9094-ccacf0b7ecd4,codified.build,available,32.98,39.98,medium,low,8,namecheap,,,12/08/2026 15:19
a2a04284-0621-4026-a8f5-ab5618cab76a,fordable.build,available,32.98,39.98,medium,low,8,namecheap,,,18/08/2026 11:24
d22da87b-4937-4a28-97b7-fcbf3683f9ea,militant.build,available,32.98,39.98,high,low,8,namecheap,,,
06b5d0ea-ebe2-4750-8415-566016e34da6,trujillo.build,premium,275,275,medium,low,8,dynadot,,,28/09/2026 16:38
ea172c82-ac59-4587-b281-44d137c299a5,dakota.build,available,25.2,25.2,high,low,6,cloudflare,,,28/09/2026 13:51
e5096cd5-5ebe-49d9-aca5-aa3330ae1b61,paddlefish.build,available,32.98,39.98,medium,low,10,namecheap,,,14/08/2026 20:48
d78c5472-2f1d-4b6e-8a53-4d7da5ecebce,eject.build,available,32.98,39.98,high,low,5,namecheap,,,01/10/2026 03:53
070b35cf-8167-43ff-8086-0b349fd4aa4f,migraine.build,available,25.2,25.2,high,low,8,cloudflare,,,30/09/2026 01:52
89b5cdbc-b2ea-4e6e-84d5-deb4f8cb952f,gallus.build,available,25.2,25.2,high,low,6,cloudflare,,,02/10/2026 04:58
a84d5139-d268-4ea6-9a08-5e4514277f87,fsh.build,premium,164.27,164.27,high,low,3,porkbun,,,02/10/2026 04:54
7e374062-d9a4-435e-88df-070101d89e6e,bandbox.build,available,32.98,39.98,medium,low,7,namecheap,,,22/09/2026 01:01
41127868-0b1d-4def-8e22-4b10ff4142bb,ariel.build,premium,1552.7,1552.7,high,low,5,spaceship,,,28/09/2026 07:27
cbeb1af1-9b45-4e4a-97fc-43fca2eb2d35,unintended.build,available,32.98,39.98,medium,low,10,namecheap,,,12/09/2026 13:30
26a1e84f-7562-48d6-a0d2-4edba5a9c32e,bosh.build,available,32.98,39.98,medium,low,4,namecheap,,,21/09/2026 23:47
02de24ae-b606-4c93-ab3c-d98dba735cbe,underworld.build,available,32.98,39.98,medium,low,10,namecheap,,,28/09/2026 10:32
f9210daa-c988-4b6a-b654-609fe2a7251e,oblique.build,available,32.98,39.98,high,low,7,namecheap,,,14/08/2026 05:11
b34f356b-8b85-4ac4-908d-7fcc12a7c555,crepuscule.build,available,32.98,39.98,medium,low,10,namecheap,,,11/09/2026 21:48
0e66cec9-5000-43fb-b5ef-b1dc5a11f6fe,intimately.build,available,32.98,39.98,medium,low,10,namecheap,,,15/09/2026 09:03
589b86a7-661a-4e56-86c7-726a3ac8abcd,decimal.build,available,32.98,39.98,high,low,7,namecheap,,,13/08/2026 21:27
c5371518-5d1a-4a22-a024-4f7a3c5015ce,turku.build,available,26,26,high,low,5,spaceship,,,30/09/2026 20:48
b0fdc023-9e71-429c-9f52-0005651f8830,bennington.build,available,32.98,39.98,high,low,10,namecheap,,,23/09/2026 08:33
4a96f50a-19b9-4a0d-9a8b-71eacd852068,descending.build,available,25.2,25.2,medium,low,10,cloudflare,,,28/09/2026 21:15
ad41a4c1-b43b-45e9-91e7-84ecc74e7f3d,systemic.build,available,32.98,39.98,high,low,8,namecheap,,,11/09/2026 06:46
abb45deb-85c5-4990-b777-f4ee0d672d54,michelson.build,available,32.98,39.98,medium,low,9,namecheap,,,16/09/2026 12:52
fc9b4be5-3e3e-4ae1-91a7-5b63b2f56878,saviour.build,available,32.98,39.98,high,low,7,namecheap,,,24/09/2026 14:50
380eb9a6-f123-44ca-a1ca-128329532ed2,mummy.build,available,25.2,25.2,high,low,5,cloudflare,,,28/09/2026 10:18
17124c9b-125c-46cb-9686-26e8e247ff5c,proverb.build,available,32.98,39.98,high,low,7,namecheap,,,17/09/2026 06:07
16db0dca-5a06-409d-8581-8d9c9142e746,unevenly.build,available,32.98,39.98,medium,low,8,namecheap,,,15/09/2026 22:30
5703758c-9f72-44e2-9f08-1c14b412500e,silvan.build,available,32.98,39.98,medium,low,6,namecheap,,,19/09/2026 11:29
19ed51c3-bae1-495e-b3f9-26f975f743eb,postscript.build,available,32.98,39.98,high,low,10,namecheap,,,17/09/2026 06:45
9914c1fb-948d-4463-96f9-0b7e92c837cd,numbly.build,available,32.98,39.98,low,low,6,namecheap,,,15/09/2026 08:39
23996bdc-0749-427a-ad00-43bb45c09e6a,demonstrations.build,available,39.98,,medium,low,14,namecheap,,,
ab03c288-84b5-44ac-8972-4adb0b17a12a,unknowing.build,available,32.98,39.98,medium,low,9,namecheap,,,12/09/2026 14:22
693513e3-5782-493e-9c05-b0de61f1c2e6,kneeling.build,available,26,26,high,low,8,spaceship,,,29/09/2026 19:28
e2ad5e9b-b5d1-460e-bd1d-06453e5512e9,musician.build,premium,1552.7,1552.7,high,low,8,spaceship,,,27/09/2026 14:17
1ad8172b-8bae-4ab4-81a7-7be0c029092e,prevent.build,premium,1875,,high,low,7,name.com,,,30/09/2026 19:55
69c617f6-34b2-48e2-8640-199887d349dc,martinsville.build,available,26.26,26.26,medium,low,12,porkbun,,,30/09/2026 05:38
2e27c14c-0708-48fe-b6e7-2de220c906f9,reptiles.build,available,26.97,26.97,medium,low,8,dynadot,,,30/09/2026 14:47
c36895e2-5d86-4c5c-8d09-cdf9d5a11aeb,abc.build,premium,3900,3900,high,medium,3,namecheap,,,28/09/2026 17:01
cba2db12-fe90-4c76-a1da-e1b61331de8b,rewards.build,premium,550,550,high,low,7,dynadot,,,28/09/2026 08:14
a9fbd673-09aa-411f-a4f5-f86fe863905e,berkshires.build,available,32.98,39.98,medium,low,10,namecheap,,,23/09/2026 09:35
0653a62c-b19c-4f18-9df6-3c69ef798117,promotes.build,available,32.98,39.98,medium,low,8,namecheap,,,16/09/2026 11:54
b78db516-0e11-4c73-aa14-9d764ca694d6,mantrap.build,available,32.98,39.98,medium,low,7,namecheap,,,22/08/2026 16:50
a586f8e5-68c6-4651-8050-ce50b7ed7036,fun.build,premium,1650,1650,high,medium,3,dynadot,,,01/10/2026 19:08
958e5bce-9df5-4ae0-9c9f-740999423996,pilous.build,available,32.98,39.98,high,medium,6,namecheap,,,08/09/2026 19:38
0db5c8ec-d0f0-4f02-94aa-92963d187b3f,unbalanced.build,available,32.98,39.98,medium,low,10,namecheap,,,11/08/2026 01:50
e717a41c-d275-44b6-80d2-4074a1e16d93,outlander.build,available,32.98,39.98,medium,low,9,namecheap,,,
61ec57b9-477b-44f6-8cc8-ec7c234641c1,hodgkin.build,available,32.98,39.98,medium,low,7,namecheap,,,18/09/2026 01:43
9853ef58-c979-4d3f-a94a-b9e761d6efb5,rescue.build,premium,1552.7,1552.7,high,low,6,spaceship,,,29/09/2026 13:46
36a882cf-532c-4266-aa8a-4406ebc6b778,agreed.build,available,32.98,39.98,high,low,6,namecheap,,,21/09/2026 23:21
746975e7-1d86-44d6-a7e2-ecd40d7e484b,clx.build,premium,187.5,187.5,medium,low,3,name.com,,,
c188113c-f232-4885-bb5a-ba4743880de3,rarefy.build,available,32.98,39.98,medium,low,6,namecheap,,,07/08/2026 15:31
ed62e0ca-1378-4588-9b71-1e1aeb639f66,pyrogen.build,available,32.98,39.98,medium,low,7,namecheap,,,09/09/2026 07:01
da0bfd0a-88b7-4d7c-846b-e9fb3ca0a1a2,metier.build,available,32.98,39.98,high,low,6,namecheap,,,18/08/2026 12:29
2838269b-0369-4505-a73c-aa1b458ed01b,haryana.build,available,25.2,25.2,medium,low,7,cloudflare,,,30/09/2026 12:51
17b882b9-2de1-41fe-9287-8804db1078e9,loner.build,available,26,26,high,low,5,spaceship,,,01/10/2026 20:21
6cf3e09b-59ac-4744-9539-eed77ede9f25,slovakian.build,available,32.98,39.98,medium,low,9,namecheap,,,10/09/2026 11:16
17fe0faa-f6da-4227-abb0-b7ffd0f53707,highness.build,available,26.26,26.26,high,low,8,porkbun,,,28/09/2026 14:27
3ca42ac8-429b-456f-ae9a-b19704fdfd9c,intertidal.build,available,32.98,39.98,high,low,10,namecheap,,,22/08/2026 08:21
2a73d8e7-e3db-43ce-9843-bc957fdb7ff7,revengeful.build,available,32.98,39.98,medium,low,10,namecheap,,,09/09/2026 16:00
7f8d0255-513f-494f-980d-b8decf952be5,printing.build,premium,275,275,high,low,8,dynadot,,,28/09/2026 06:37
72b47b06-b574-4c8d-b89c-cd9191cff716,cathectic.build,available,32.98,39.98,medium,low,9,namecheap,,,11/08/2026 21:45
941e724c-e3ee-477f-b78a-29b7abdebc68,blither.build,available,32.98,39.98,medium,low,7,namecheap,,,24/09/2026 04:54
2d98e1c1-64bf-4377-985f-3dd5cffc905e,juxtaposed.build,available,32.98,39.98,medium,low,10,namecheap,,,22/08/2026 15:00
9472c2f0-ca63-4bb7-8767-2ab2416e09cc,eagerly.build,available,32.98,39.98,high,low,7,namecheap,,,14/09/2026 14:54
8ea9fc0f-b839-4948-bdef-c238a968bae7,repetitive.build,available,32.98,39.98,medium,low,10,namecheap,,,22/08/2026 07:14
0ff68afb-7ae8-4eb4-8613-f5b49f65f166,collaborator.build,available,32.98,39.98,high,low,12,namecheap,,,30/09/2026 12:19
7b5ea63c-a389-4286-85a8-d966e8ede3ac,allosaur.build,available,32.98,39.98,medium,low,8,namecheap,,,18/09/2026 12:04
0033695d-2878-431c-9a97-03c1a5597917,lubbock.build,premium,1552.7,1552.7,medium,low,7,spaceship,,,28/09/2026 10:18
e2ee4234-b383-4b11-88ff-39ab2b09dfc9,unveiling.build,available,25.2,25.2,high,low,9,cloudflare,,,30/09/2026 16:57
de50d0b0-52e5-435c-9c00-768e1903a5ff,adamantine.build,available,32.98,39.98,medium,low,10,namecheap,,,
023607b2-0f5a-4c99-9a9d-697a9de0eec1,geological.build,available,32.98,39.98,high,low,10,namecheap,,,18/08/2026 22:28
cdbe34c0-1dad-43c7-a9e3-0bd07f7bc919,levels.build,premium,1950,1950,high,medium,6,namecheap,,,27/09/2026 11:07
ccd08a8f-6bf8-4531-9a1c-8ba5cdd06639,stupefy.build,available,69.99,69.99,medium,low,7,name.com,,,21/09/2026 17:33
17a28fdc-e459-4950-a204-65037c63b67f,vent.build,premium,1552.7,1552.7,high,low,4,spaceship,,,30/09/2026 14:25
3950ba02-8649-41dd-80ec-a97d91dd9f1c,developed.build,available,69.99,69.99,high,low,9,name.com,,,24/09/2026 07:51
30250000-3b22-4be4-a766-30b0f523d2ff,holley.build,available,32.98,39.98,medium,low,6,namecheap,,,30/09/2026 05:26
7acffb78-962a-4303-9c40-c76facd35d1e,commission.build,premium,1552.7,1552.7,high,low,10,spaceship,,,29/09/2026 10:22
f382b703-30a2-40ed-9ef5-01f48f303781,gladsome.build,available,32.98,39.98,high,low,8,namecheap,,,19/08/2026 00:13
940d61b3-b8fc-4876-a814-e490ec1b2174,faggot.build,available,32.98,39.98,medium,low,6,namecheap,,,09/09/2026 08:02
312df2fa-7d6f-49c5-b114-a9c505ca44e9,guevara.build,available,26.26,26.26,medium,low,7,porkbun,,,29/09/2026 11:54
1d223bd0-7671-42cf-8179-e93af3cea8f5,bikes.build,premium,517.7,517.7,low,low,5,spaceship,,,29/09/2026 11:14
81a5dd40-a49f-4924-83d6-a9c700e2b728,permanent.build,premium,1875,1875,high,low,9,name.com,,,22/08/2026 20:24
fafd87a1-e8c7-450a-bef0-88da10e99887,automaton.build,available,32.98,39.98,high,low,9,namecheap,,,21/09/2026 07:00
845af02e-9fa5-4a49-9ded-1c976d36260a,translates.build,available,25.2,25.2,medium,low,10,cloudflare,,,30/09/2026 00:23
98dadc7b-d132-4142-a2aa-0b876c6f4d3d,narcotic.build,available,32.98,39.98,medium,low,8,namecheap,,,03/09/2026 13:12
2663f6c4-0086-4520-8ba7-69aafe2b67bd,trade.build,premium,1638.01,1638.01,high,medium,5,porkbun,,,02/10/2026 01:34
37a69a01-2224-4335-bf77-bb4152cfb6ae,correction.build,available,26,26,high,low,10,spaceship,,,28/09/2026 09:23
65c90c21-70b7-425a-ba69-0ace2295663d,sacramento.build,premium,1638.01,1638.01,high,low,10,porkbun,,,29/09/2026 18:11
7e9287de-532d-4060-a7f3-0dc3e7f065ae,jared.build,available,32.98,39.98,high,low,5,namecheap,,,27/09/2026 11:10
d25af840-55e9-473a-8321-7b4f2e2fe2b5,guides.build,available,25.2,25.2,high,low,6,cloudflare,,,29/09/2026 16:42
67d44e0b-10f5-4c26-8a68-7b8724f61c27,karen.build,available,32.98,39.98,high,low,5,namecheap,,,25/09/2026 08:08
c1560006-ac0e-4fce-a58b-a60d136a230c,obliged.build,available,25.2,25.2,medium,low,7,cloudflare,,,28/09/2026 11:17
6e10ebfe-d6be-487b-82c5-1b0c8d7cfe3a,freckled.build,available,32.98,39.98,medium,low,8,namecheap,,,18/08/2026 14:26
a00ba9eb-1c39-4ace-add9-dd72be949df2,aare.build,available,32.98,39.98,medium,low,4,namecheap,,,16/09/2026 13:18
4ba34f0d-8718-4ed3-9788-4691bfd40fbe,rendering.build,available,26,26,high,low,9,spaceship,,,29/09/2026 19:21
26571200-1213-49f5-9528-9a1128ecf2ec,asynchrony.build,available,32.98,39.98,medium,low,10,namecheap,,,20/09/2026 18:41
57772a14-848d-438f-bad8-0c2b44e00a03,dilemma.build,available,26,26,high,low,7,spaceship,,,29/09/2026 14:57
8084dd89-3b8c-4a15-8485-b58284b7f9cc,finley.build,available,32.98,39.98,high,low,6,namecheap,,,28/09/2026 04:02
5bc177d0-3131-4592-9795-cfc5647f2420,heretofore.build,available,32.98,39.98,medium,low,10,namecheap,,,13/09/2026 21:50
c15f3273-0069-4323-abe0-7809d067a580,margaret.build,available,69.99,69.99,medium,low,8,name.com,,,25/09/2026 18:23
0a8f45d1-3e1d-4b6d-9b4f-3fbf560573c4,misleading.build,available,32.98,39.98,medium,low,10,namecheap,,,25/08/2026 01:34
be5877db-9803-4a8a-af11-6599efd6be5e,johnstown.build,available,32.98,39.98,medium,low,9,namecheap,,,28/09/2026 22:27
353448ca-e7a5-4d1b-9137-14a11bc3f570,inshore.build,available,32.98,39.98,medium,low,7,namecheap,,,22/08/2026 06:53
83fbdc55-e438-49f1-8694-a21d5bb95c62,underwear.build,available,26,26,high,low,9,spaceship,,,30/09/2026 14:15
5142527f-5517-4d7e-b4f0-c467cffa592b,accounts.build,premium,1950,1950,medium,low,8,namecheap,,,18/09/2026 16:24
0d9e0a5b-71c2-402c-9663-a0bef2e465fc,plaques.build,available,32.98,39.98,low,low,7,namecheap,,,20/09/2026 08:19
aba68b8d-e3ca-40c6-baa5-6b68fbf452a6,snp.build,premium,165,165,high,low,3,dynadot,,,29/09/2026 20:21
0c335935-3567-47c9-b0d1-9e9d1338bc39,wakeful.build,available,32.98,39.98,medium,low,7,namecheap,,,04/09/2026 16:03
e6c5116a-9d53-4a31-b2c3-ab95d74ef903,afrl.build,available,32.98,39.98,medium,low,4,namecheap,,,17/09/2026 15:27
3097bef5-25b9-4e80-8d2b-d26ac72da9b8,hammers.build,premium,,,medium,low,7,,,,01/10/2026 08:09
c597528d-d0ca-43bc-bb99-8dca53287326,rained.build,available,32.98,39.98,medium,low,6,namecheap,,,20/09/2026 05:42
ba7c8257-15f0-423d-b819-ea400f02518e,swimmer.build,premium,195,195,high,low,7,namecheap,,,22/09/2026 13:29
1b0126b5-2e42-4f71-a80b-2fd2d2a954ae,guide.build,premium,625,,high,low,5,name.com,,,29/09/2026 21:42
e7960912-3666-4e14-8feb-fac31dfc82fb,spears.build,available,32.98,39.98,medium,low,6,namecheap,,,29/09/2026 05:36
b3e83b37-eb8a-4924-8b5c-2ce6c887dd2f,irene.build,available,25.2,25.2,medium,low,5,cloudflare,,,28/09/2026 21:21
a6730ce0-c609-4cc5-a15c-ea6aa8dd3266,vastly.build,available,32.98,39.98,high,low,6,namecheap,,,15/09/2026 01:56
dd83c1f8-15d1-4783-aab1-b05fe00e93fd,motorcoach.build,available,32.98,39.98,medium,low,10,namecheap,,,21/09/2026 06:31
dff1cb2b-5250-46a5-ae49-ed733e350f4c,nagoya.build,premium,1552.7,1552.7,medium,low,6,spaceship,,,28/09/2026 10:28
fbf988fc-5c13-484e-8a22-e7bb67b40a69,inspect.build,premium,1950,1950,high,low,7,namecheap,,,21/09/2026 03:08
0b27fc63-3c6c-4e11-b3b0-f8516903a921,austen.build,available,32.98,39.98,high,low,6,namecheap,,,21/09/2026 04:37
2e901427-29ef-41ea-b563-889d97371d18,torr.build,available,26,26,high,low,4,spaceship,,,01/10/2026 20:33
bf3d3ed2-757f-451b-bf5b-2fd97a14a5fe,biodefence.build,available,32.98,39.98,medium,low,10,namecheap,,,23/09/2026 17:51
688c03ba-d607-433a-b1c4-0f6292d07e7e,humboldt.build,available,69.99,69.99,high,low,8,name.com,,,22/09/2026 07:04
fae07e50-eef5-424a-a1df-5dfd9b8360fb,saddam.build,available,32.98,39.98,medium,low,6,namecheap,,,25/09/2026 23:11
5c105b70-4235-4572-9af7-002cc4ed237b,richness.build,available,32.98,39.98,high,low,8,namecheap,,,17/09/2026 14:41
9e864d73-ad15-4101-bd23-47fb63ea17de,sceptical.build,available,32.98,39.98,medium,low,9,namecheap,,,14/08/2026 09:36
d69aab99-43e4-495c-8115-e26b6a3f3bdf,arbitrary.build,available,32.98,39.98,high,low,9,namecheap,,,06/08/2026 12:54
9a5538e5-d183-4553-ae1c-a04033204543,appears.build,available,32.98,39.98,medium,low,7,namecheap,,,25/09/2026 20:18
b4a0ebc0-92ed-4f2c-a7b3-55511bfb13bb,echoing.build,available,26,26,high,low,7,spaceship,,,30/09/2026 03:52
d6269213-b3ce-435f-ba1f-2f0f2952b92a,mechanic.build,available,32.98,39.98,high,low,8,namecheap,,,25/09/2026 18:40
ab90fc26-6593-47a8-b701-7a9544ac13d3,rocky.build,premium,650,650,high,low,5,namecheap,,,23/09/2026 01:13
a6fde298-a613-4aa6-9c3e-2867cfcde3bf,kidnapped.build,available,32.98,39.98,medium,low,9,namecheap,,,27/09/2026 03:07
d108d5a4-b535-41be-a195-3ec435413cff,nephews.build,available,26,26,medium,low,7,spaceship,,,02/10/2026 03:22
b9f3e8e9-0687-427b-8fc9-09c94a530282,lise.build,available,25.2,25.2,medium,low,4,cloudflare,,,02/10/2026 00:14
3e0d5083-4d11-4e50-95ca-58fe479a9fa4,exonerated.build,available,32.98,39.98,high,low,10,namecheap,,,
7d2d5b3b-33c6-4e59-8766-524cf7afcad3,cohesive.build,available,32.98,39.98,high,low,8,namecheap,,,12/08/2026 16:05
30fa0485-f61f-460a-b43f-77c1008f5765,ago.build,premium,195,195,high,low,3,namecheap,,,21/09/2026 23:15
aad9c19e-6498-4990-9a6b-b5233ab4ebfa,flaccid.build,available,32.98,39.98,medium,low,7,namecheap,,,18/08/2026 06:07
c304767b-3e63-49d1-8dd9-9bf8d283e886,shandong.build,available,32.98,39.98,medium,low,8,namecheap,,,29/09/2026 03:52
84f5048e-65de-452e-a473-6106b35b3cc7,motto.build,available,26,26,high,low,5,spaceship,,,28/09/2026 13:39
7bfd8e9a-63c8-4de3-b032-b933741cde37,thespian.build,available,32.98,39.98,high,low,8,namecheap,,,11/09/2026 13:05
a9b06281-3dee-42b4-9028-de1ffffc5f29,chilly.build,available,32.98,39.98,high,low,6,namecheap,,,12/08/2026 05:30
7bb0779b-c683-4e34-a807-be2078247450,sorry.build,premium,1950,1950,high,low,5,namecheap,,,24/09/2026 19:36
477c4a02-8dc3-4e95-982d-1ce6469c86d0,clearly.build,premium,1875,,high,low,7,name.com,,,28/09/2026 13:55
f40ebdf4-60af-480c-91ed-19e58b3df5bc,wider.build,available,32.98,39.98,medium,low,5,namecheap,,,29/09/2026 04:55
52ec57d0-8a0b-48ab-bda7-3a9932739c8f,goodness.build,available,49.99,49.99,high,low,8,godaddy,,,28/09/2026 02:02
29d31a53-19ed-4fdc-b93a-b114cf6ed836,thunder.build,premium,51.95,51.95,high,low,7,spaceship,,,27/09/2026 15:41
bf8e8972-d65e-4dbe-967f-b11f04fe256b,overtime.build,available,25.2,25.2,high,low,8,cloudflare,,,28/09/2026 16:30
5f512337-8f0d-4f39-9ce2-cf2617fb15f9,experimentally.build,available,39.98,,medium,low,14,namecheap,,,
cca154f0-c29a-46bd-a3fc-72e13a4fb1c0,shinto.build,available,32.98,39.98,high,medium,6,namecheap,,,10/09/2026 06:32
7be52665-9673-4736-83a8-8ef9b2040fc9,lorca.build,available,25.2,25.2,high,low,5,cloudflare,,,02/10/2026 04:57
3c22ca1d-b435-4004-a3c1-d0e41324ab76,miscellany.build,available,32.98,39.98,medium,low,10,namecheap,,,25/08/2026 08:20
c00d02f4-08b4-419a-8ebe-ea80d5feac0e,expendable.build,available,32.98,39.98,high,low,10,namecheap,,,17/08/2026 18:08
89b979b4-6001-41eb-a8ae-d91c2d8c2cc8,monogenic.build,available,32.98,39.98,medium,low,9,namecheap,,,25/08/2026 05:13
577510a9-e0a0-4e4d-a55f-37ce00738ad8,deed.build,available,25.2,25.2,high,low,4,cloudflare,,,28/09/2026 01:46
00c70ff6-393e-486d-ac76-2ac2137f9a06,maguire.build,available,26.97,26.97,high,low,7,dynadot,,,28/09/2026 04:17
e9bc6fc5-4214-48f8-8cc9-8c448c783ef8,anesthesia.build,available,25.2,25.2,high,low,10,cloudflare,,,28/09/2026 21:08
a101acac-816e-4a24-ab94-34c6f507ae78,shelves.build,premium,550,550,medium,low,7,dynadot,,,29/09/2026 16:26
5cd659b4-d4de-4a0a-882e-33b617ae3872,celluloid.build,available,32.98,39.98,high,low,9,namecheap,,,11/08/2026 23:34
b511f184-2890-4d02-bb0b-83b3197d8e2d,panda.build,resell,,,high,medium,5,"NameCheap, Inc.",09/02/2024 18:02,09/02/2027 23:59,28/09/2026 19:27
bc03b92f-3dca-436a-afdd-1218ca24acff,revolting.build,available,32.98,39.98,medium,low,9,namecheap,,,14/08/2026 10:45
54aa9505-bd49-44e2-8bde-6827154733a4,motherhood.build,available,26,26,high,low,10,spaceship,,,29/09/2026 19:42
0eca7a5c-93b4-4066-a76d-42f9ec2522a9,damage.build,premium,1950,1950,high,low,6,namecheap,,,25/09/2026 04:36
e005d59b-41f9-470c-bbc3-286acc0bba5c,lynne.build,available,26,26,medium,low,5,spaceship,,,28/09/2026 08:09
0b536523-ee3f-4096-8683-f184be979ceb,bid.build,premium,3300,3300,high,low,3,dynadot,,,29/09/2026 02:29
0cf48ecd-eb7b-4972-bcee-9336a03ea07b,emory.build,available,26,26,high,low,5,spaceship,,,29/09/2026 15:34
1a43452a-54ed-4286-abef-2ad1a044790b,exhausted.build,available,32.98,39.98,medium,low,9,namecheap,,,14/08/2026 14:43
5d78016d-4a40-41c0-a41d-3486c1b30bc9,comune.build,available,25.2,25.2,high,low,6,cloudflare,,,01/10/2026 17:02
4fc19af5-f62f-43a0-8f0d-49411baba780,horrified.build,available,32.98,39.98,medium,low,9,namecheap,,,21/08/2026 14:14
095665f7-af5c-4d61-a04f-c0e05f545bea,aboveboard.build,available,32.98,39.98,medium,low,10,namecheap,,,
214656b5-4810-404f-9497-5ef78835da4c,ufa.build,premium,1650,1650,high,low,3,dynadot,,,30/09/2026 19:03
c7560892-2fbb-46a3-a3c5-9c500b1b0e1f,privileges.build,available,26.26,26.26,low,low,10,porkbun,,,28/09/2026 17:31
b325067c-ef6e-4960-be03-61b69fc3825f,projective.build,available,32.98,39.98,high,low,10,namecheap,,,30/09/2026 03:59
7230773d-56e7-4c6a-88bc-878fb520da4b,katharsis.build,available,32.98,39.98,medium,low,9,namecheap,,,16/09/2026 17:05
f2cacc10-499c-444a-b048-6ab0e5633b6b,audiogram.build,available,32.98,39.98,medium,low,9,namecheap,,,21/09/2026 02:55
033a92ac-d778-49b6-994c-e2a05f5d8e11,wilkesbarre.build,available,26,26,medium,low,12,spaceship,,,30/09/2026 22:09
74241e27-01e3-4638-8428-617021aa6785,antagonism.build,available,32.98,39.98,medium,low,10,namecheap,,,19/09/2026 12:27
9e5b3915-6492-48f0-836c-1f3683b67463,sponsor.build,premium,1875,1875,high,low,7,name.com,,,18/08/2026 15:15
d4383fd6-c8b1-4cec-abf4-313896df2409,arctiid.build,available,32.98,39.98,medium,low,7,namecheap,,,20/09/2026 02:47
b10c152e-6331-4c10-8a8d-bfbec593bf70,rui.build,premium,164.27,164.27,high,low,3,porkbun,,,01/10/2026 10:19
eff4bfb4-97c7-46a1-b06a-df80380a9e0a,professional.build,premium,650,650,high,low,12,namecheap,,,25/09/2026 11:40
aed25890-c6f0-4b35-8554-a31308a36e21,shopworn.build,available,32.98,39.98,low,low,8,namecheap,,,08/08/2026 11:06
43fec81d-eab1-4a35-add0-dc7a7c13a1a4,fluorescence.build,available,26.26,26.26,medium,low,12,porkbun,,,27/09/2026 23:02
05700836-cd6e-4183-9ba2-8ece1a0d7f63,ardmore.build,available,32.98,39.98,medium,low,7,namecheap,,,01/10/2026 12:29
96a8830a-7222-4d91-b040-2988877d0d50,betel.build,available,32.98,39.98,medium,low,5,namecheap,,,23/09/2026 11:05
5b61aa30-113f-4b11-809f-7cc84e7e7fe7,chunk.build,available,26,26,medium,low,5,spaceship,,,29/09/2026 06:21
0254ae91-4e7a-49f5-a458-27898c490ebd,burt.build,available,32.98,39.98,medium,low,4,namecheap,,,25/09/2026 03:54
e7a05310-251b-42d3-b4f7-1dd44c2b0178,salisbury.build,available,32.98,39.98,high,low,9,namecheap,,,24/09/2026 12:37
9c5d4c44-0964-4622-8d35-8405a0d51d50,facilitation.build,available,32.98,39.98,high,low,12,namecheap,,,17/09/2026 01:02
c9e6f81d-d7ff-49ab-8b6f-0c3097017817,birches.build,available,32.98,39.98,medium,low,7,namecheap,,,20/09/2026 07:32
c0d32521-1c78-4824-894c-2726b5c7d02d,fortissimo.build,available,32.98,39.98,high,low,10,namecheap,,,18/08/2026 12:41
4ca20029-5166-4458-87ed-9f94fc06fe71,rente.build,available,69.99,69.99,medium,low,5,name.com,,,19/09/2026 10:58
2953faa6-140c-4f91-bbab-167705350b1a,encounters.build,available,26,26,medium,low,10,spaceship,,,29/09/2026 17:37
86d594db-aff6-4225-b80c-900b514244ef,haarlem.build,available,26,26,medium,low,7,spaceship,,,29/09/2026 22:19
8a355f4e-c9bc-4552-a490-bf2c590a9d4c,spacey.build,available,32.98,39.98,high,medium,6,namecheap,,,10/09/2026 15:06
bf67d9fa-f0b2-4715-b936-1c74d5736c98,odds.build,available,32.98,39.98,high,low,4,namecheap,,,23/09/2026 11:46
db4e8add-cc1f-48f2-9925-7e8eaae8cecc,paf.build,premium,,,high,low,3,,,,01/10/2026 23:20
f53c6300-cd7f-4152-a2de-a8ed435f9c3e,anita.build,available,32.98,39.98,high,low,5,namecheap,,,25/09/2026 15:32
1b569782-d712-4bc2-827f-f0ac75c4cd96,wit.build,premium,187.5,187.5,high,low,3,name.com,,,24/09/2026 08:03
cddc3f4c-f5d7-45ad-9a41-7be2391f555b,maastricht.build,available,25.2,25.2,medium,low,10,cloudflare,,,29/09/2026 22:00
fc5265c4-0ace-4749-80b7-90572049320e,katy.build,available,32.98,39.98,high,low,4,namecheap,,,01/10/2026 22:40
741c0a17-6715-4dce-9003-b5f577fe22a7,autolytic.build,available,32.98,39.98,medium,low,9,namecheap,,,07/08/2026 20:42
a5d1385d-ee82-48e5-926f-fe1dd8126d6a,nonviable.build,available,32.98,39.98,medium,low,9,namecheap,,,03/09/2026 21:02
74dc236f-bb48-497e-b169-f00f47271799,rheumatoid.build,available,32.98,39.98,medium,low,10,namecheap,,,06/08/2026 23:10
fe9a6a83-df63-44c4-aefc-74320182b525,entree.build,available,32.98,39.98,high,low,6,namecheap,,,16/09/2026 22:08
6a4cda3c-a7fd-46c4-a57d-113d614ebc82,queens.build,available,32.98,39.98,high,low,6,namecheap,,,30/09/2026 09:00
16d6615e-26d0-4c90-9a98-d1952c4deba9,fresnel.build,available,32.98,39.98,high,low,7,namecheap,,,21/09/2026 04:00
ca9b9c6b-2749-4a69-9680-aae5de1b19cf,chadwick.build,available,26,26,medium,low,8,spaceship,,,28/09/2026 08:16
8c327731-23e5-4e7b-976f-12195d14b0ee,fossorial.build,available,32.98,39.98,high,low,9,namecheap,,,18/08/2026 13:21
45adade1-3bea-4331-926b-9f7c9a22bae5,eros.build,available,32.98,39.98,high,low,4,namecheap,,,24/09/2026 17:09
df4a218c-1acc-4e30-af72-a0469e85e1c7,toffee.build,available,32.98,39.98,high,low,6,namecheap,,,11/08/2026 04:53
348a45c2-1bef-4dfb-8ac7-e7d26bc6b0ed,abatic.build,available,32.98,39.98,medium,low,6,namecheap,,,
9abd5257-c4f6-4491-bf28-1dafcf7e9c04,newcomb.build,available,26,26,high,low,7,spaceship,,,29/09/2026 13:33
2df54ff1-b8c1-45af-8420-d999c50911d7,waiter.build,available,25.2,25.2,high,low,6,cloudflare,,,30/09/2026 10:59
2fe46c66-dca1-4329-bb9f-2971c65ed32f,died.build,available,39.98,,low,low,4,namecheap,,,
021afc77-177c-452e-b5e4-0e4cf29c466a,shines.build,available,26.97,26.97,medium,low,6,dynadot,,,29/09/2026 17:16
7655fdf8-46c8-4afb-9689-58689ef8a56a,lento.build,available,32.98,39.98,medium,low,5,namecheap,,,22/08/2026 23:53
e6a351c1-0ae2-4032-a6cd-30bffa4815b5,psychotherapy.build,available,26,26,high,low,13,spaceship,,,01/10/2026 14:38
0d80c0c9-0639-4f10-9e69-ee9284e5a534,toradol.build,available,32.98,39.98,medium,low,7,namecheap,,,17/09/2026 05:31
739df361-2615-4706-a075-488af2cabf5a,dynastic.build,available,32.98,39.98,medium,low,8,namecheap,,,14/08/2026 21:59
fbc024f0-97ad-49b6-8cf7-7d2fb96f37c9,schismatic.build,available,32.98,39.98,medium,low,10,namecheap,,,09/09/2026 23:07
a6a8cdb1-4c3c-4fbe-9a51-6997f19af91d,allograph.build,available,32.98,39.98,medium,low,9,namecheap,,,18/09/2026 11:54
63e13311-be96-41e1-b794-48b6dc52f07b,allison.build,premium,650,650,medium,low,7,namecheap,,,25/09/2026 17:48
15b29302-582a-49d9-aecd-17af3914e9e2,games.build,premium,650,650,high,medium,5,namecheap,,,25/09/2026 16:24
121d8f49-81ff-4471-95ab-cebf7b331f6a,tenant.build,available,26,26,high,low,6,spaceship,,,28/09/2026 20:19
594a70ce-bb3a-4c1e-b0aa-2d5a426b8093,primarily.build,premium,1552.7,1552.7,medium,low,9,spaceship,,,28/09/2026 13:51
a97f54fe-f62d-4099-936a-61ae6ea0ad48,container.build,premium,1950,1950,high,high,9,namecheap,,,29/09/2026 11:20
63bebef5-fda8-4c12-8884-f86b918741a3,springs.build,premium,1552.7,1552.7,medium,low,7,spaceship,,,27/09/2026 23:53
6b5338e2-9913-4c5e-b6a0-b8e0f1fba67a,assuredly.build,available,32.98,39.98,medium,low,9,namecheap,,,13/09/2026 22:09
525dae98-3d6e-4a16-b873-04d3f07fbcd4,coup.build,premium,1552.7,1552.7,high,low,4,spaceship,,,29/09/2026 18:30
ad36d34e-13c3-4cdf-ab5a-8e97f538727e,food.build,premium,517.7,517.7,high,medium,4,spaceship,,,01/10/2026 22:52
1bbc0076-40cd-47ca-ab04-ba6f33f9feda,buttonlike.build,available,32.98,39.98,medium,low,10,namecheap,,,09/08/2026 03:39
0ce1381b-158f-40f8-a30d-c02cabe98f62,piglet.build,available,32.98,39.98,high,low,6,namecheap,,,19/09/2026 22:30
be7d21aa-5e48-432b-8d83-2f7c74a8e1dc,nth.build,premium,195,195,medium,low,3,namecheap,,,03/09/2026 12:35
6544c2d7-ff95-4017-b499-0736e3bafb46,auctioneer.build,available,32.98,39.98,high,low,10,namecheap,,,21/09/2026 02:42
6d007f7d-5b85-4528-a864-25d7c9e5c531,caretaker.build,available,26.26,26.26,high,low,9,porkbun,,,28/09/2026 13:39
d9db08a1-a500-4d28-85ed-2eb466503cf6,rostock.build,available,26,26,high,low,7,spaceship,,,30/09/2026 18:34
7390b8ba-e972-41a4-8af3-965044a2f3f8,unannounced.build,available,32.98,39.98,medium,low,11,namecheap,,,02/10/2026 01:44
d11ce55b-71a7-4981-9fc3-8854f4a89579,connate.build,available,32.98,39.98,medium,low,7,namecheap,,,12/08/2026 15:46
c1ff66f3-a506-4748-b543-bd9267cc9717,goya.build,available,25.2,25.2,high,low,4,cloudflare,,,29/09/2026 18:58
0b9cf483-faf6-49ae-8db9-9b2b84da8d48,sacks.build,available,32.98,39.98,medium,low,5,namecheap,,,20/09/2026 18:55
b7f62d59-d903-456f-8ef5-d3ef64dc5c9d,antemortem.build,available,32.98,39.98,medium,low,10,namecheap,,,
76eb0060-7e2e-4069-a90a-fa7f18970231,nympho.build,available,32.98,39.98,medium,low,6,namecheap,,,03/09/2026 23:18
e2d51588-2577-42f6-acae-14fc676d8721,request.build,premium,550,550,high,low,7,dynadot,,,28/09/2026 22:34
83fc7fab-ae32-49d6-984f-7f8e64fb64a3,biro.build,available,32.98,39.98,medium,low,4,namecheap,,,21/09/2026 23:23
f4bcd90a-0288-4cc4-831d-34ab77240d21,crowded.build,available,32.98,39.98,high,low,7,namecheap,,,24/09/2026 02:10
9c054c52-b80a-4bdf-9ad8-c304d318a03a,insulation.build,premium,3105.2,3105.2,high,low,10,spaceship,,,30/09/2026 01:59
3731e6e0-4a21-4755-912e-9c75f3cbd3bc,momentous.build,available,32.98,39.98,high,low,9,namecheap,,,25/08/2026 03:59
edd4cb77-c4ff-4152-afb6-f4ded7c2b52c,adjacency.build,available,32.98,39.98,high,low,9,namecheap,,,17/09/2026 08:24
9a824faf-831f-481c-8a37-f7fb7bf37c82,hat.build,premium,195,195,high,low,3,namecheap,,,19/09/2026 16:21
5151dc12-fe56-465e-9166-75a57f88716e,malcolm.build,available,32.98,39.98,high,low,7,namecheap,,,25/09/2026 14:54
a6dc6f8b-cba7-47e1-959f-badbe75d2b78,arrested.build,available,32.98,39.98,medium,low,8,namecheap,,,17/09/2026 20:22
f73b0e2a-2867-4c59-9d48-976c53ca5534,unbroken.build,available,32.98,39.98,high,low,8,namecheap,,,22/08/2026 15:36
67278b0c-b177-4140-81b1-8b2db651bc3a,jawed.build,available,32.98,39.98,medium,low,5,namecheap,,,22/08/2026 12:32
de1b3690-fac4-4a0c-b355-6d771e13548e,palmae.build,available,32.98,39.98,medium,low,6,namecheap,,,20/09/2026 03:32
2d8a0f91-62e8-431e-9375-f7774f3a376c,drubbing.build,available,32.98,39.98,medium,low,8,namecheap,,,13/09/2026 07:58
a4476bdc-f81c-4743-b0dc-a1b98ed1e8ef,holes.build,available,39.98,,medium,low,5,namecheap,,,
c8078169-df00-443d-a502-7b8dc315bc91,mongol.build,available,32.98,39.98,high,low,6,namecheap,,,25/08/2026 04:45
6efeb040-bda5-472e-9bdc-aeb55a4cc9a0,accumulated.build,available,26,26,medium,low,11,spaceship,,,30/09/2026 22:32
9237c9eb-bec0-4f36-8946-f6cc7877628f,apologia.build,available,32.98,39.98,medium,low,8,namecheap,,,19/09/2026 18:44
b8d7a57e-bc72-453b-a9bf-c48626f0475c,blackness.build,available,32.98,39.98,high,low,9,namecheap,,,10/08/2026 10:54
6130c034-7991-440b-a147-b5d9feba412c,bannock.build,available,32.98,39.98,medium,low,7,namecheap,,,22/09/2026 02:55
106b9186-60dc-411a-b012-f936d0f24856,training.build,premium,1552.7,1552.7,high,low,8,spaceship,,,29/09/2026 06:10
817774a6-8471-4aa2-8aba-54768fcce012,krupp.build,available,32.98,39.98,medium,low,5,namecheap,,,18/09/2026 06:37
f2b1f193-a88d-45e6-a510-cd8720b589b4,tannish.build,available,32.98,39.98,medium,low,7,namecheap,,,11/09/2026 08:03
3d6bf77a-74db-4359-be2f-e6161fef53fd,traveling.build,available,26,26,high,low,9,spaceship,,,30/09/2026 13:48
0b22b4cc-b4cb-4200-997d-6460d590350c,stylised.build,available,32.98,39.98,high,low,8,namecheap,,,12/08/2026 23:48
b6006213-6822-41f8-8d3b-c7c35ad81a29,parve.build,available,32.98,39.98,medium,low,5,namecheap,,,08/09/2026 01:27
2cc58ff0-07a6-41f9-adef-b97fb46d69a5,greet.build,available,26.97,26.97,high,low,5,dynadot,,,30/09/2026 20:06
1124ed1e-6e95-4e08-bb7f-04a453f9c891,wispy.build,available,32.98,39.98,medium,low,5,namecheap,,,13/09/2026 12:43
1d1fc670-2c2c-4fbc-8fdb-a72d19f3902b,slighting.build,available,32.98,39.98,medium,low,9,namecheap,,,09/08/2026 13:15
a136f7e8-728e-4371-8dd3-f346617dfe26,ref.build,premium,,,high,low,3,,,,01/10/2026 21:28
d7676cbb-9aad-49ef-b37f-7ee6550f3ab9,aggregates.build,premium,650,650,low,low,10,namecheap,,,28/09/2026 08:51
3ba66086-a004-4741-924e-6f7b0a936e88,interlaced.build,available,32.98,39.98,medium,low,10,namecheap,,,22/08/2026 08:04
4c8d909c-7065-4641-a7cb-bd58414ecd88,tooth.build,premium,1950,1950,high,low,5,namecheap,,,19/09/2026 18:20
9898a56b-5984-4278-8031-2c9453d4c84a,opened.build,available,32.98,39.98,high,low,6,namecheap,,,04/09/2026 16:13
f0d4e0b5-ab57-4810-8d4d-2570f264b062,pendleton.build,premium,625,625,high,medium,9,name.com,,,27/09/2026 08:11
8be962f6-b8d4-4a3e-97f0-534a75f3724b,desultory.build,available,32.98,39.98,medium,low,9,namecheap,,,14/08/2026 04:36
837ed00a-b49b-4b9b-8010-2c47aea325a0,usf.build,premium,,,medium,low,3,,,,01/10/2026 23:53
a0ff3430-c086-47c1-bd0b-c4409f4f8a9d,ernesto.build,available,26.97,26.97,medium,low,7,dynadot,,,28/09/2026 07:52
646412a4-01c8-488b-8ece-02f5dffab767,geek.build,premium,1950,1950,high,low,4,namecheap,,,24/09/2026 13:18
4fe3617e-34d3-486e-94c9-a0527b1764d5,traveler.build,premium,1875,,high,low,8,name.com,,,30/09/2026 13:52
37d39cb8-5467-4d52-b16b-ad6f737baa2c,northeast.build,premium,1552.7,1552.7,medium,low,9,spaceship,,,28/09/2026 16:59
4f1cb120-00e0-4095-888a-c2c4106b0aab,atlantic.build,premium,625,625,high,low,8,name.com,,,07/08/2026 13:38
243744c9-339d-4d8a-bd5c-75d680994506,skirting.build,available,32.98,39.98,medium,low,8,namecheap,,,20/09/2026 08:31
e65761d9-a9a6-4d71-83f9-3e2e63242307,movements.build,available,26,26,low,low,9,spaceship,,,28/09/2026 12:36
1c892715-33fb-4a2b-9ad7-a21b2a5c4702,costs.build,premium,258.95,258.95,high,low,5,spaceship,,,29/09/2026 11:44
a71d6e6f-c4e2-4765-aa59-a77563980265,repeatedly.build,available,32.98,39.98,medium,low,10,namecheap,,,15/09/2026 23:12
c5cd8f43-c5a8-4825-9a94-3e0355e16f98,hertzian.build,available,32.98,39.98,medium,low,8,namecheap,,,21/08/2026 07:14
8fc5f41a-cc03-4037-8603-8503b21452bd,tea.build,premium,155.45,155.45,high,medium,3,spaceship,,,30/09/2026 13:57
f286bf01-5b09-49d7-9301-24da9a6fc7ec,condiment.build,available,26,26,high,low,9,spaceship,,,29/09/2026 10:37
055c462a-977b-482a-9943-e233dd0917bc,clannish.build,available,32.98,39.98,medium,low,8,namecheap,,,12/08/2026 09:35
3eeb475d-1951-4d47-a923-4cb16e83e182,kathmandu.build,available,26,26,medium,low,9,spaceship,,,29/09/2026 06:13
bd86efe3-05ac-4f6c-9ff0-29d74c90f184,puzzlement.build,available,32.98,39.98,medium,low,10,namecheap,,,21/09/2026 17:39
18a1f740-dd9e-4a87-8b2a-731e52184bd5,toe.build,premium,155.45,155.45,medium,low,3,spaceship,,,30/09/2026 13:18
bd63f3c5-15c9-4797-a219-28253163ac5e,nailed.build,available,32.98,39.98,high,low,6,namecheap,,,18/09/2026 21:49
852edbb0-5af1-4559-9571-04a3a5b5bb32,unquestionable.build,available,39.98,,medium,low,14,namecheap,,,
c09260df-e021-4c7b-b7ce-6f63a53635fa,probation.build,available,26,26,medium,low,9,spaceship,,,28/09/2026 10:46
1f651b24-2dd2-4e4f-aa4a-01b6459fdda2,isotropic.build,available,32.98,39.98,medium,low,9,namecheap,,,22/08/2026 11:28
8a65b910-d050-4854-9901-5f4e86dfc2b1,belgrade.build,premium,1950,1950,high,low,8,namecheap,,,23/09/2026 05:11
7486d298-9d19-4167-b4dd-ebaa60269aca,backbend.build,available,32.98,39.98,medium,low,8,namecheap,,,21/09/2026 15:01
dd8104d0-3736-4b2b-a31f-16afdd0278e4,evenings.build,available,25.2,25.2,medium,low,8,cloudflare,,,29/09/2026 05:28
e1059132-bbf5-42ee-884d-5fbf7750f54f,rodin.build,available,32.98,39.98,high,low,5,namecheap,,,21/09/2026 03:57
c6fa4c19-8f58-4a8a-8f65-021c4c4c853c,reject.build,premium,1875,1875,high,low,6,name.com,,,24/09/2026 20:15
131390b9-b49e-4b82-98d0-4263f169fd34,blog.build,premium,517.7,517.7,high,medium,4,spaceship,,,29/09/2026 17:59
ee25ad20-538d-4977-aba5-333b3720db68,tellingly.build,available,32.98,39.98,medium,low,9,namecheap,,,16/09/2026 08:14
e0eb4f2a-e614-4707-a2dd-103fb2609ce1,ves.build,premium,155.45,155.45,high,low,3,spaceship,,,30/09/2026 04:22
f7bd431b-79ff-49f1-b429-065a939f9b6f,testified.build,available,32.98,39.98,medium,low,9,namecheap,,,28/09/2026 18:16
7baabfff-3916-4229-ade2-fa64a274c0ac,scab.build,available,32.98,39.98,medium,low,4,namecheap,,,24/09/2026 02:52
77ee2585-c38e-4b89-af3a-d2d1a99daa06,kara.build,available,25.2,25.2,high,low,4,cloudflare,,,27/09/2026 16:38
ed4c943c-6d14-416c-9b3b-23755cad50ad,maidens.build,available,26,26,high,low,7,spaceship,,,02/10/2026 03:57
1e0da04e-39a5-43b4-b58a-0a4efb41e2c4,bimanual.build,available,32.98,39.98,medium,low,8,namecheap,,,09/08/2026 22:36
593e31f7-9087-4389-9bf2-95ce3517a318,mandela.build,available,26.97,26.97,high,low,7,dynadot,,,28/09/2026 14:49
3ae86e54-3eb2-4b68-b415-300e3e84e356,lowe.build,available,26,26,high,low,4,spaceship,,,29/09/2026 15:01
9f32067e-a4be-478b-9080-17e5c3f2c4c5,cavalry.build,available,26,26,high,low,7,spaceship,,,28/09/2026 09:16
19faf61f-2d64-4020-a345-f7d8e5e8357a,gaze.build,premium,,,high,low,4,,,,28/09/2026 19:17
2c85bffa-95a1-4fcd-aec3-8312cdeca2cc,artful.build,available,32.98,39.98,high,low,6,namecheap,,,06/08/2026 22:44
1d4d3911-f2ed-46df-b2df-94868dc5faa1,constants.build,available,32.98,39.98,medium,low,9,namecheap,,,21/09/2026 01:13
628c64c4-6a63-4336-93d0-197c14ddaac6,batman.build,available,26,26,high,low,6,spaceship,,,29/09/2026 01:33
e7c9b5ef-b127-4dce-ab79-9d46412f3835,peroxide.build,available,26.97,26.97,high,low,8,dynadot,,,01/10/2026 02:39
0cd1eb29-f7b1-4cb2-bb02-d15e976fea4a,tuxedo.build,premium,325,325,high,low,6,namecheap,,,24/09/2026 01:52
fbfc00e0-2f5e-42ee-8c52-c100fb63ca4b,agenesis.build,available,32.98,39.98,medium,low,8,namecheap,,,17/09/2026 17:08
cb00f8c8-ae06-48da-bf1e-d58157d0eef4,nestling.build,available,32.98,39.98,high,low,8,namecheap,,,25/08/2026 00:18
29d1f674-271b-4a27-b047-f7dad0c90035,booty.build,resell,,,high,low,5,,,,29/09/2026 11:44
cf10b89d-b0f4-4ce6-97c6-afa25947ed62,boldface.build,available,32.98,39.98,high,low,8,namecheap,,,10/08/2026 17:43
9f0f661d-9693-48eb-a111-3f08efe7fbf5,blizzard.build,available,25.2,25.2,medium,low,8,cloudflare,,,29/09/2026 00:11
33d83c7b-219d-4f49-b7bc-354303171a42,amenity.build,available,32.98,39.98,high,low,7,namecheap,,,17/09/2026 19:17
622ccee6-b479-4688-8cd8-df2424e8f55d,bananas.build,available,32.98,39.98,high,low,7,namecheap,,,28/09/2026 15:58
98080d39-13f7-4504-9915-fd7c0b18dbc0,reckoning.build,available,26.97,26.97,high,low,9,dynadot,,,30/09/2026 16:48
5bb1dbdb-184d-4fc9-b3b3-830cabb8fe0b,chosen.build,available,32.98,39.98,high,low,6,namecheap,,,16/08/2026 02:32
edec3a4f-0335-4ee1-ae70-648e1969e5af,grant.build,premium,1552.7,1552.7,high,low,5,spaceship,,,27/09/2026 12:18
879447ba-5289-4aed-a837-0ad0c4362243,radios.build,premium,325,325,medium,low,6,namecheap,,,18/09/2026 23:09
992b4f83-4376-4357-9fdf-adaada5e5965,scads.build,available,32.98,39.98,high,low,5,namecheap,,,14/09/2026 23:36
b3faeaec-2221-4bc6-bd9c-f451d68f8bdb,looked.build,available,32.98,39.98,high,low,6,namecheap,,,18/09/2026 11:20
5d5523aa-4c7f-4159-96e5-d2d9445ed08f,wishes.build,available,32.98,39.98,medium,low,6,namecheap,,,25/09/2026 20:13
70a6d310-1d08-47cf-84a6-e12073bf76f2,lisbon.build,premium,1552.7,1552.7,high,low,6,spaceship,,,29/09/2026 06:46
6ce15e92-5d31-4755-838c-9573c1fdcc50,lofty.build,available,32.98,39.98,high,low,5,namecheap,,,17/08/2026 15:42
a7b2e19f-bf25-40a4-8e1e-cb227fd7bac0,nath.build,available,26,26,medium,low,4,spaceship,,,29/09/2026 15:40
9b4df324-abb6-45ec-9c75-f43fd0cbe446,pedigree.build,available,32.98,39.98,high,low,8,namecheap,,,08/09/2026 13:15
8241eea7-72ee-446d-8045-61b275a825ef,mouthwash.build,available,39.98,,high,low,10,namecheap,,,
b0a67575-9343-4c61-8ec7-07bf34cd3e48,grandmothers.build,available,32.98,39.98,medium,low,12,namecheap,,,20/09/2026 18:06
a115025b-ba10-4908-9429-ac20fc5de865,reagan.build,available,32.98,39.98,medium,low,6,namecheap,,,28/09/2026 15:06
aacae527-da79-4fc5-80fb-6d27d459f98e,idiotic.build,available,32.98,39.98,medium,low,7,namecheap,,,24/09/2026 01:17
c2c2e40c-3806-4a81-adb4-2bf37e16edb4,biltong.build,available,32.98,39.98,medium,low,7,namecheap,,,23/09/2026 16:53
a0cbf6d5-7b38-4d21-b849-f986a6c50b20,impersonal.build,available,32.98,39.98,medium,low,10,namecheap,,,21/08/2026 22:13
71b7e42f-b436-4715-9b9a-1fe099b49f87,galleries.build,available,25.2,25.2,medium,low,9,cloudflare,,,30/09/2026 07:08
29cd996f-13d0-4c90-b3b0-155008e557dc,yuba.build,available,32.98,39.98,medium,low,4,namecheap,,,30/09/2026 21:58
57c4af87-eb8f-4e3a-98ce-06dde4588bd7,relocate.build,available,26,26,high,low,8,spaceship,,,29/09/2026 02:47
8b97b2ad-1752-401a-a414-546c99453b16,fully.build,premium,1875,1875,high,low,5,name.com,,,18/08/2026 17:52
efd5ae08-2622-448b-ab2d-10a777a3ca00,boats.build,premium,1950,1950,high,low,5,namecheap,,,17/09/2026 16:33
0bdcf27e-7521-41e4-b4bc-e38bbbca0a4c,streak.build,available,26,26,high,low,6,spaceship,,,27/09/2026 11:41
b2c1a855-07df-4b8b-9087-dc98dce92858,newbury.build,available,26,26,medium,low,7,spaceship,,,28/09/2026 03:59
93ca4c90-a9e0-43fd-ab79-4fc33d8a7459,concert.build,available,26,26,high,low,7,spaceship,,,30/09/2026 13:35
a5181147-8dc9-4e3f-8655-7fe2e1d61fb1,coupon.build,premium,650,650,high,low,6,namecheap,,,24/09/2026 18:44
c9954b94-0c54-4aab-87d2-c7b0762af350,dividing.build,available,26,26,medium,low,8,spaceship,,,29/09/2026 08:50
c0065753-e7bd-4925-9c90-551e3519250d,balefire.build,available,32.98,39.98,medium,low,8,namecheap,,,21/09/2026 21:52
e1a39db2-bd7b-46f2-b08a-ac0fb3a2d94b,armand.build,available,26,26,medium,low,6,spaceship,,,28/09/2026 07:26
1050dcff-0ad7-48a4-9117-f598eac10522,sank.build,available,26.97,26.97,medium,low,4,dynadot,,,29/09/2026 16:38
5bcfa8ba-942f-4748-9601-e0b785e2cebd,illness.build,premium,1875,,high,low,7,name.com,,,29/09/2026 23:34
8ff7c736-7717-47e8-a85d-3a7fc2b83495,danvers.build,available,26,26,medium,low,7,spaceship,,,29/09/2026 22:33
da8ee33d-db71-46d4-8437-c043b3ac4e24,godly.build,available,32.98,39.98,high,low,5,namecheap,,,14/08/2026 13:55
13df21c1-bd7e-40de-8532-73055b4aaa55,cosigner.build,available,32.98,39.98,medium,low,8,namecheap,,,13/08/2026 02:49
2729ed1f-0e2b-44a7-b211-3f14be12294e,migration.build,premium,1552.7,1552.7,high,low,9,spaceship,,,29/09/2026 19:39
73939e69-e5fd-4454-b0f5-4096c6a5a11d,disquiet.build,available,32.98,39.98,medium,low,8,namecheap,,,24/09/2026 22:51
10bd7510-c298-40e1-a5f7-57acfb7ea6fe,peddling.build,available,32.98,39.98,medium,low,8,namecheap,,,30/09/2026 02:33
c95ebf25-be4d-4a44-b924-e1de859857a5,beefy.build,available,32.98,39.98,high,low,5,namecheap,,,09/08/2026 07:49
273e02a4-1bb1-488d-bf2f-8833a086c333,asala.build,available,32.98,39.98,medium,low,5,namecheap,,,16/09/2026 12:33
f152b74b-0f91-4432-951f-a67bf5d30ce3,marries.build,available,26,26,medium,low,7,spaceship,,,28/09/2026 23:51
70fc241e-986d-4c48-8935-4c1dd4aa359a,darcy.build,available,32.98,39.98,high,low,5,namecheap,,,30/09/2026 00:47
acc783b4-b47c-425a-8b7c-3c0be5b1c13c,androgyny.build,available,32.98,39.98,medium,low,9,namecheap,,,19/09/2026 04:54
ab7da31f-c121-4079-b75b-8b09ef654739,passim.build,available,32.98,39.98,medium,low,6,namecheap,,,15/09/2026 19:07
03b1c48b-dd9c-4455-82da-10e466ebe13b,fallen.build,available,32.98,39.98,high,low,6,namecheap,,,24/09/2026 16:26
a3cd9e63-69e1-40d0-af1a-6f76cea99800,mutt.build,available,26.26,26.26,high,low,4,porkbun,,,01/10/2026 01:39
f58ed1df-b166-4a01-a23c-5bf763aa20d6,himalaya.build,available,26.97,26.97,high,low,8,dynadot,,,01/10/2026 02:35
20719aed-c042-4d87-9780-f1a6141c1d2c,asperity.build,available,32.98,39.98,medium,low,8,namecheap,,,20/09/2026 14:51
e2beea6d-16dc-4324-8bda-6584d15988be,minimums.build,available,32.98,39.98,medium,low,8,namecheap,,,20/09/2026 08:36